Rainfall - (MM), Year, Statistics, Country, ISO3
13.9, 1901, Jan Average, Thailand, THA
15.5, 1901, Feb Average, Thailand, THA
33.6, 1901, Mar Average, Thailand, THA
85.6, 1901, Apr Average, Thailand, THA
200.9, 1901, May Average, Thailand, THA
202.3, 1901, Jun Average, Thailand, THA
210.7, 1901, Jul Average, Thailand, THA
247.5, 1901, Aug Average, Thailand, THA
260.5, 1901, Sep Average, Thailand, THA
165.6, 1901, Oct Average, Thailand, THA
83.3, 1901, Nov Average, Thailand, THA
26.7, 1901, Dec Average, Thailand, THA
11.1, 1902, Jan Average, Thailand, THA
12.9, 1902, Feb Average, Thailand, THA
32.7, 1902, Mar Average, Thailand, THA
90.6, 1902, Apr Average, Thailand, THA
162.5, 1902, May Average, Thailand, THA
172.7, 1902, Jun Average, Thailand, THA
167.8, 1902, Jul Average, Thailand, THA
245.0, 1902, Aug Average, Thailand, THA
276.8, 1902, Sep Average, Thailand, THA
159.4, 1902, Oct Average, Thailand, THA
90.5, 1902, Nov Average, Thailand, THA
35.8, 1902, Dec Average, Thailand, THA
12.7, 1903, Jan Average, Thailand, THA
12.2, 1903, Feb Average, Thailand, THA
21.8, 1903, Mar Average, Thailand, THA
57.2, 1903, Apr Average, Thailand, THA
200.7, 1903, May Average, Thailand, THA
231.9, 1903, Jun Average, Thailand, THA
185.1, 1903, Jul Average, Thailand, THA
254.0, 1903, Aug Average, Thailand, THA
246.6, 1903, Sep Average, Thailand, THA
155.5, 1903, Oct Average, Thailand, THA
62.3, 1903, Nov Average, Thailand, THA
40.2, 1903, Dec Average, Thailand, THA
16.7, 1904, Jan Average, Thailand, THA
11.4, 1904, Feb Average, Thailand, THA
29.3, 1904, Mar Average, Thailand, THA
114.0, 1904, Apr Average, Thailand, THA
219.1, 1904, May Average, Thailand, THA
182.0, 1904, Jun Average, Thailand, THA
176.9, 1904, Jul Average, Thailand, THA
206.5, 1904, Aug Average, Thailand, THA
268.9, 1904, Sep Average, Thailand, THA
164.3, 1904, Oct Average, Thailand, THA
104.4, 1904, Nov Average, Thailand, THA
28.0, 1904, Dec Average, Thailand, THA
13.5, 1905, Jan Average, Thailand, THA
11.1, 1905, Feb Average, Thailand, THA
52.1, 1905, Mar Average, Thailand, THA
76.5, 1905, Apr Average, Thailand, THA
219.4, 1905, May Average, Thailand, THA
203.8, 1905, Jun Average, Thailand, THA
221.7, 1905, Jul Average, Thailand, THA
239.7, 1905, Aug Average, Thailand, THA
260.9, 1905, Sep Average, Thailand, THA
152.3, 1905, Oct Average, Thailand, THA
84.6, 1905, Nov Average, Thailand, THA
27.9, 1905, Dec Average, Thailand, THA
14.9, 1906, Jan Average, Thailand, THA
11.9, 1906, Feb Average, Thailand, THA
22.1, 1906, Mar Average, Thailand, THA
58.2, 1906, Apr Average, Thailand, THA
179.6, 1906, May Average, Thailand, THA
193.0, 1906, Jun Average, Thailand, THA
223.4, 1906, Jul Average, Thailand, THA
246.2, 1906, Aug Average, Thailand, THA
271.5, 1906, Sep Average, Thailand, THA
139.8, 1906, Oct Average, Thailand, THA
71.4, 1906, Nov Average, Thailand, THA
39.8, 1906, Dec Average, Thailand, THA
25.5, 1907, Jan Average, Thailand, THA
10.3, 1907, Feb Average, Thailand, THA
85.8, 1907, Mar Average, Thailand, THA
59.5, 1907, Apr Average, Thailand, THA
214.5, 1907, May Average, Thailand, THA
197.4, 1907, Jun Average, Thailand, THA
178.0, 1907, Jul Average, Thailand, THA
199.1, 1907, Aug Average, Thailand, THA
210.1, 1907, Sep Average, Thailand, THA
181.1, 1907, Oct Average, Thailand, THA
101.5, 1907, Nov Average, Thailand, THA
36.0, 1907, Dec Average, Thailand, THA
14.5, 1908, Jan Average, Thailand, THA
17.0, 1908, Feb Average, Thailand, THA
22.8, 1908, Mar Average, Thailand, THA
95.1, 1908, Apr Average, Thailand, THA
215.1, 1908, May Average, Thailand, THA
217.8, 1908, Jun Average, Thailand, THA
232.5, 1908, Jul Average, Thailand, THA
280.6, 1908, Aug Average, Thailand, THA
290.2, 1908, Sep Average, Thailand, THA
174.7, 1908, Oct Average, Thailand, THA
99.4, 1908, Nov Average, Thailand, THA
37.4, 1908, Dec Average, Thailand, THA
26.5, 1909, Jan Average, Thailand, THA
15.1, 1909, Feb Average, Thailand, THA
28.1, 1909, Mar Average, Thailand, THA
71.6, 1909, Apr Average, Thailand, THA
184.7, 1909, May Average, Thailand, THA
180.3, 1909, Jun Average, Thailand, THA
218.8, 1909, Jul Average, Thailand, THA
290.4, 1909, Aug Average, Thailand, THA
259.6, 1909, Sep Average, Thailand, THA
155.6, 1909, Oct Average, Thailand, THA
120.0, 1909, Nov Average, Thailand, THA
20.0, 1909, Dec Average, Thailand, THA
22.0, 1910, Jan Average, Thailand, THA
26.3, 1910, Feb Average, Thailand, THA
44.5, 1910, Mar Average, Thailand, THA
99.4, 1910, Apr Average, Thailand, THA
194.1, 1910, May Average, Thailand, THA
248.6, 1910, Jun Average, Thailand, THA
197.1, 1910, Jul Average, Thailand, THA
294.0, 1910, Aug Average, Thailand, THA
268.5, 1910, Sep Average, Thailand, THA
165.0, 1910, Oct Average, Thailand, THA
73.0, 1910, Nov Average, Thailand, THA
45.7, 1910, Dec Average, Thailand, THA
27.0, 1911, Jan Average, Thailand, THA
11.9, 1911, Feb Average, Thailand, THA
21.9, 1911, Mar Average, Thailand, THA
94.0, 1911, Apr Average, Thailand, THA
159.5, 1911, May Average, Thailand, THA
204.6, 1911, Jun Average, Thailand, THA
140.2, 1911, Jul Average, Thailand, THA
144.4, 1911, Aug Average, Thailand, THA
277.0, 1911, Sep Average, Thailand, THA
155.8, 1911, Oct Average, Thailand, THA
49.6, 1911, Nov Average, Thailand, THA
34.8, 1911, Dec Average, Thailand, THA
14.7, 1912, Jan Average, Thailand, THA
7.9, 1912, Feb Average, Thailand, THA
41.3, 1912, Mar Average, Thailand, THA
64.1, 1912, Apr Average, Thailand, THA
169.1, 1912, May Average, Thailand, THA
173.1, 1912, Jun Average, Thailand, THA
277.1, 1912, Jul Average, Thailand, THA
276.5, 1912, Aug Average, Thailand, THA
185.3, 1912, Sep Average, Thailand, THA
135.6, 1912, Oct Average, Thailand, THA
122.5, 1912, Nov Average, Thailand, THA
26.4, 1912, Dec Average, Thailand, THA
25.5, 1913, Jan Average, Thailand, THA
21.8, 1913, Feb Average, Thailand, THA
11.5, 1913, Mar Average, Thailand, THA
51.0, 1913, Apr Average, Thailand, THA
223.7, 1913, May Average, Thailand, THA
170.9, 1913, Jun Average, Thailand, THA
209.3, 1913, Jul Average, Thailand, THA
235.5, 1913, Aug Average, Thailand, THA
220.2, 1913, Sep Average, Thailand, THA
132.8, 1913, Oct Average, Thailand, THA
133.3, 1913, Nov Average, Thailand, THA
43.3, 1913, Dec Average, Thailand, THA
20.4, 1914, Jan Average, Thailand, THA
10.1, 1914, Feb Average, Thailand, THA
61.3, 1914, Mar Average, Thailand, THA
61.0, 1914, Apr Average, Thailand, THA
167.5, 1914, May Average, Thailand, THA
209.8, 1914, Jun Average, Thailand, THA
238.5, 1914, Jul Average, Thailand, THA
223.6, 1914, Aug Average, Thailand, THA
197.6, 1914, Sep Average, Thailand, THA
154.5, 1914, Oct Average, Thailand, THA
95.8, 1914, Nov Average, Thailand, THA
47.0, 1914, Dec Average, Thailand, THA
6.3, 1915, Jan Average, Thailand, THA
3.1, 1915, Feb Average, Thailand, THA
30.3, 1915, Mar Average, Thailand, THA
92.6, 1915, Apr Average, Thailand, THA
172.6, 1915, May Average, Thailand, THA
209.9, 1915, Jun Average, Thailand, THA
177.1, 1915, Jul Average, Thailand, THA
225.6, 1915, Aug Average, Thailand, THA
272.1, 1915, Sep Average, Thailand, THA
272.1, 1915, Oct Average, Thailand, THA
101.7, 1915, Nov Average, Thailand, THA
28.0, 1915, Dec Average, Thailand, THA
13.3, 1916, Jan Average, Thailand, THA
17.1, 1916, Feb Average, Thailand, THA
77.3, 1916, Mar Average, Thailand, THA
53.1, 1916, Apr Average, Thailand, THA
181.3, 1916, May Average, Thailand, THA
223.3, 1916, Jun Average, Thailand, THA
220.4, 1916, Jul Average, Thailand, THA
289.9, 1916, Aug Average, Thailand, THA
276.1, 1916, Sep Average, Thailand, THA
183.8, 1916, Oct Average, Thailand, THA
75.2, 1916, Nov Average, Thailand, THA
33.9, 1916, Dec Average, Thailand, THA
11.8, 1917, Jan Average, Thailand, THA
4.9, 1917, Feb Average, Thailand, THA
29.3, 1917, Mar Average, Thailand, THA
26.6, 1917, Apr Average, Thailand, THA
127.5, 1917, May Average, Thailand, THA
245.3, 1917, Jun Average, Thailand, THA
196.5, 1917, Jul Average, Thailand, THA
299.8, 1917, Aug Average, Thailand, THA
314.6, 1917, Sep Average, Thailand, THA
237.9, 1917, Oct Average, Thailand, THA
76.1, 1917, Nov Average, Thailand, THA
49.3, 1917, Dec Average, Thailand, THA
6.9, 1918, Jan Average, Thailand, THA
26.6, 1918, Feb Average, Thailand, THA
35.4, 1918, Mar Average, Thailand, THA
91.3, 1918, Apr Average, Thailand, THA
211.8, 1918, May Average, Thailand, THA
192.1, 1918, Jun Average, Thailand, THA
105.1, 1918, Jul Average, Thailand, THA
255.6, 1918, Aug Average, Thailand, THA
287.6, 1918, Sep Average, Thailand, THA
102.8, 1918, Oct Average, Thailand, THA
80.1, 1918, Nov Average, Thailand, THA
38.6, 1918, Dec Average, Thailand, THA
10.2, 1919, Jan Average, Thailand, THA
36.1, 1919, Feb Average, Thailand, THA
35.2, 1919, Mar Average, Thailand, THA
79.8, 1919, Apr Average, Thailand, THA
194.4, 1919, May Average, Thailand, THA
193.7, 1919, Jun Average, Thailand, THA
251.4, 1919, Jul Average, Thailand, THA
203.7, 1919, Aug Average, Thailand, THA
171.9, 1919, Sep Average, Thailand, THA
95.9, 1919, Oct Average, Thailand, THA
74.1, 1919, Nov Average, Thailand, THA
38.4, 1919, Dec Average, Thailand, THA
28.6, 1920, Jan Average, Thailand, THA
9.1, 1920, Feb Average, Thailand, THA
52.8, 1920, Mar Average, Thailand, THA
70.3, 1920, Apr Average, Thailand, THA
135.9, 1920, May Average, Thailand, THA
166.7, 1920, Jun Average, Thailand, THA
215.6, 1920, Jul Average, Thailand, THA
193.3, 1920, Aug Average, Thailand, THA
276.1, 1920, Sep Average, Thailand, THA
152.2, 1920, Oct Average, Thailand, THA
74.0, 1920, Nov Average, Thailand, THA
42.2, 1920, Dec Average, Thailand, THA
33.3, 1921, Jan Average, Thailand, THA
21.9, 1921, Feb Average, Thailand, THA
60.5, 1921, Mar Average, Thailand, THA
69.3, 1921, Apr Average, Thailand, THA
204.4, 1921, May Average, Thailand, THA
144.3, 1921, Jun Average, Thailand, THA
242.4, 1921, Jul Average, Thailand, THA
231.0, 1921, Aug Average, Thailand, THA
335.7, 1921, Sep Average, Thailand, THA
98.9, 1921, Oct Average, Thailand, THA
32.1, 1921, Nov Average, Thailand, THA
19.9, 1921, Dec Average, Thailand, THA
29.6, 1922, Jan Average, Thailand, THA
6.1, 1922, Feb Average, Thailand, THA
52.6, 1922, Mar Average, Thailand, THA
63.1, 1922, Apr Average, Thailand, THA
167.5, 1922, May Average, Thailand, THA
147.6, 1922, Jun Average, Thailand, THA
193.8, 1922, Jul Average, Thailand, THA
215.2, 1922, Aug Average, Thailand, THA
302.5, 1922, Sep Average, Thailand, THA
107.4, 1922, Oct Average, Thailand, THA
148.4, 1922, Nov Average, Thailand, THA
35.4, 1922, Dec Average, Thailand, THA
23.0, 1923, Jan Average, Thailand, THA
17.2, 1923, Feb Average, Thailand, THA
57.3, 1923, Mar Average, Thailand, THA
123.5, 1923, Apr Average, Thailand, THA
194.0, 1923, May Average, Thailand, THA
254.4, 1923, Jun Average, Thailand, THA
171.0, 1923, Jul Average, Thailand, THA
209.1, 1923, Aug Average, Thailand, THA
183.8, 1923, Sep Average, Thailand, THA
203.3, 1923, Oct Average, Thailand, THA
79.6, 1923, Nov Average, Thailand, THA
25.4, 1923, Dec Average, Thailand, THA
19.4, 1924, Jan Average, Thailand, THA
9.9, 1924, Feb Average, Thailand, THA
43.9, 1924, Mar Average, Thailand, THA
114.6, 1924, Apr Average, Thailand, THA
160.5, 1924, May Average, Thailand, THA
199.5, 1924, Jun Average, Thailand, THA
217.2, 1924, Jul Average, Thailand, THA
287.0, 1924, Aug Average, Thailand, THA
261.9, 1924, Sep Average, Thailand, THA
165.7, 1924, Oct Average, Thailand, THA
53.9, 1924, Nov Average, Thailand, THA
15.2, 1924, Dec Average, Thailand, THA
15.9, 1925, Jan Average, Thailand, THA
11.2, 1925, Feb Average, Thailand, THA
37.2, 1925, Mar Average, Thailand, THA
125.3, 1925, Apr Average, Thailand, THA
139.3, 1925, May Average, Thailand, THA
205.3, 1925, Jun Average, Thailand, THA
184.7, 1925, Jul Average, Thailand, THA
258.2, 1925, Aug Average, Thailand, THA
225.5, 1925, Sep Average, Thailand, THA
130.6, 1925, Oct Average, Thailand, THA
81.6, 1925, Nov Average, Thailand, THA
30.6, 1925, Dec Average, Thailand, THA
13.7, 1926, Jan Average, Thailand, THA
9.9, 1926, Feb Average, Thailand, THA
43.9, 1926, Mar Average, Thailand, THA
39.9, 1926, Apr Average, Thailand, THA
115.2, 1926, May Average, Thailand, THA
219.9, 1926, Jun Average, Thailand, THA
212.4, 1926, Jul Average, Thailand, THA
301.9, 1926, Aug Average, Thailand, THA
286.2, 1926, Sep Average, Thailand, THA
211.6, 1926, Oct Average, Thailand, THA
80.2, 1926, Nov Average, Thailand, THA
70.8, 1926, Dec Average, Thailand, THA
21.2, 1927, Jan Average, Thailand, THA
41.5, 1927, Feb Average, Thailand, THA
32.1, 1927, Mar Average, Thailand, THA
143.5, 1927, Apr Average, Thailand, THA
246.8, 1927, May Average, Thailand, THA
210.0, 1927, Jun Average, Thailand, THA
242.9, 1927, Jul Average, Thailand, THA
183.2, 1927, Aug Average, Thailand, THA
211.4, 1927, Sep Average, Thailand, THA
177.4, 1927, Oct Average, Thailand, THA
44.5, 1927, Nov Average, Thailand, THA
19.9, 1927, Dec Average, Thailand, THA
12.5, 1928, Jan Average, Thailand, THA
47.0, 1928, Feb Average, Thailand, THA
26.7, 1928, Mar Average, Thailand, THA
152.0, 1928, Apr Average, Thailand, THA
191.0, 1928, May Average, Thailand, THA
204.3, 1928, Jun Average, Thailand, THA
174.9, 1928, Jul Average, Thailand, THA
165.1, 1928, Aug Average, Thailand, THA
232.5, 1928, Sep Average, Thailand, THA
129.6, 1928, Oct Average, Thailand, THA
48.0, 1928, Nov Average, Thailand, THA
37.8, 1928, Dec Average, Thailand, THA
9.5, 1929, Jan Average, Thailand, THA
24.7, 1929, Feb Average, Thailand, THA
59.4, 1929, Mar Average, Thailand, THA
106.5, 1929, Apr Average, Thailand, THA
157.3, 1929, May Average, Thailand, THA
184.6, 1929, Jun Average, Thailand, THA
200.6, 1929, Jul Average, Thailand, THA
216.4, 1929, Aug Average, Thailand, THA
216.9, 1929, Sep Average, Thailand, THA
134.2, 1929, Oct Average, Thailand, THA
44.8, 1929, Nov Average, Thailand, THA
13.6, 1929, Dec Average, Thailand, THA
15.5, 1930, Jan Average, Thailand, THA
8.5, 1930, Feb Average, Thailand, THA
26.2, 1930, Mar Average, Thailand, THA
55.0, 1930, Apr Average, Thailand, THA
182.0, 1930, May Average, Thailand, THA
202.4, 1930, Jun Average, Thailand, THA
212.9, 1930, Jul Average, Thailand, THA
205.8, 1930, Aug Average, Thailand, THA
293.5, 1930, Sep Average, Thailand, THA
89.1, 1930, Oct Average, Thailand, THA
77.9, 1930, Nov Average, Thailand, THA
34.0, 1930, Dec Average, Thailand, THA
8.1, 1931, Jan Average, Thailand, THA
22.7, 1931, Feb Average, Thailand, THA
20.3, 1931, Mar Average, Thailand, THA
69.6, 1931, Apr Average, Thailand, THA
116.5, 1931, May Average, Thailand, THA
199.9, 1931, Jun Average, Thailand, THA
203.4, 1931, Jul Average, Thailand, THA
247.3, 1931, Aug Average, Thailand, THA
275.2, 1931, Sep Average, Thailand, THA
152.9, 1931, Oct Average, Thailand, THA
37.0, 1931, Nov Average, Thailand, THA
41.7, 1931, Dec Average, Thailand, THA
15.7, 1932, Jan Average, Thailand, THA
10.3, 1932, Feb Average, Thailand, THA
18.3, 1932, Mar Average, Thailand, THA
105.2, 1932, Apr Average, Thailand, THA
159.5, 1932, May Average, Thailand, THA
157.5, 1932, Jun Average, Thailand, THA
265.7, 1932, Jul Average, Thailand, THA
176.1, 1932, Aug Average, Thailand, THA
279.1, 1932, Sep Average, Thailand, THA
219.2, 1932, Oct Average, Thailand, THA
75.0, 1932, Nov Average, Thailand, THA
22.8, 1932, Dec Average, Thailand, THA
12.6, 1933, Jan Average, Thailand, THA
21.1, 1933, Feb Average, Thailand, THA
13.7, 1933, Mar Average, Thailand, THA
78.3, 1933, Apr Average, Thailand, THA
158.3, 1933, May Average, Thailand, THA
171.1, 1933, Jun Average, Thailand, THA
305.6, 1933, Jul Average, Thailand, THA
221.4, 1933, Aug Average, Thailand, THA
281.2, 1933, Sep Average, Thailand, THA
139.4, 1933, Oct Average, Thailand, THA
80.0, 1933, Nov Average, Thailand, THA
27.8, 1933, Dec Average, Thailand, THA
13.1, 1934, Jan Average, Thailand, THA
14.0, 1934, Feb Average, Thailand, THA
47.0, 1934, Mar Average, Thailand, THA
93.9, 1934, Apr Average, Thailand, THA
137.4, 1934, May Average, Thailand, THA
217.4, 1934, Jun Average, Thailand, THA
244.8, 1934, Jul Average, Thailand, THA
297.9, 1934, Aug Average, Thailand, THA
290.9, 1934, Sep Average, Thailand, THA
135.1, 1934, Oct Average, Thailand, THA
98.5, 1934, Nov Average, Thailand, THA
20.8, 1934, Dec Average, Thailand, THA
35.5, 1935, Jan Average, Thailand, THA
34.0, 1935, Feb Average, Thailand, THA
34.6, 1935, Mar Average, Thailand, THA
94.6, 1935, Apr Average, Thailand, THA
213.8, 1935, May Average, Thailand, THA
191.1, 1935, Jun Average, Thailand, THA
234.1, 1935, Jul Average, Thailand, THA
204.7, 1935, Aug Average, Thailand, THA
310.7, 1935, Sep Average, Thailand, THA
222.4, 1935, Oct Average, Thailand, THA
81.7, 1935, Nov Average, Thailand, THA
56.0, 1935, Dec Average, Thailand, THA
12.1, 1936, Jan Average, Thailand, THA
20.8, 1936, Feb Average, Thailand, THA
26.9, 1936, Mar Average, Thailand, THA
49.1, 1936, Apr Average, Thailand, THA
207.1, 1936, May Average, Thailand, THA
226.2, 1936, Jun Average, Thailand, THA
255.7, 1936, Jul Average, Thailand, THA
165.1, 1936, Aug Average, Thailand, THA
204.8, 1936, Sep Average, Thailand, THA
109.1, 1936, Oct Average, Thailand, THA
72.0, 1936, Nov Average, Thailand, THA
30.5, 1936, Dec Average, Thailand, THA
10.0, 1937, Jan Average, Thailand, THA
31.7, 1937, Feb Average, Thailand, THA
30.0, 1937, Mar Average, Thailand, THA
104.2, 1937, Apr Average, Thailand, THA
206.2, 1937, May Average, Thailand, THA
142.4, 1937, Jun Average, Thailand, THA
238.3, 1937, Jul Average, Thailand, THA
236.1, 1937, Aug Average, Thailand, THA
267.6, 1937, Sep Average, Thailand, THA
119.1, 1937, Oct Average, Thailand, THA
85.6, 1937, Nov Average, Thailand, THA
33.1, 1937, Dec Average, Thailand, THA
15.5, 1938, Jan Average, Thailand, THA
17.0, 1938, Feb Average, Thailand, THA
39.1, 1938, Mar Average, Thailand, THA
108.1, 1938, Apr Average, Thailand, THA
206.1, 1938, May Average, Thailand, THA
287.2, 1938, Jun Average, Thailand, THA
271.7, 1938, Jul Average, Thailand, THA
223.7, 1938, Aug Average, Thailand, THA
305.6, 1938, Sep Average, Thailand, THA
168.6, 1938, Oct Average, Thailand, THA
63.6, 1938, Nov Average, Thailand, THA
32.6, 1938, Dec Average, Thailand, THA
15.4, 1939, Jan Average, Thailand, THA
21.2, 1939, Feb Average, Thailand, THA
38.6, 1939, Mar Average, Thailand, THA
91.9, 1939, Apr Average, Thailand, THA
171.2, 1939, May Average, Thailand, THA
188.0, 1939, Jun Average, Thailand, THA
162.8, 1939, Jul Average, Thailand, THA
254.7, 1939, Aug Average, Thailand, THA
281.1, 1939, Sep Average, Thailand, THA
116.6, 1939, Oct Average, Thailand, THA
113.2, 1939, Nov Average, Thailand, THA
34.5, 1939, Dec Average, Thailand, THA
3.8, 1940, Jan Average, Thailand, THA
9.4, 1940, Feb Average, Thailand, THA
6.4, 1940, Mar Average, Thailand, THA
43.9, 1940, Apr Average, Thailand, THA
207.1, 1940, May Average, Thailand, THA
203.3, 1940, Jun Average, Thailand, THA
139.0, 1940, Jul Average, Thailand, THA
257.8, 1940, Aug Average, Thailand, THA
246.9, 1940, Sep Average, Thailand, THA
108.1, 1940, Oct Average, Thailand, THA
51.5, 1940, Nov Average, Thailand, THA
34.8, 1940, Dec Average, Thailand, THA
12.8, 1941, Jan Average, Thailand, THA
20.1, 1941, Feb Average, Thailand, THA
32.8, 1941, Mar Average, Thailand, THA
77.7, 1941, Apr Average, Thailand, THA
228.8, 1941, May Average, Thailand, THA
182.9, 1941, Jun Average, Thailand, THA
151.9, 1941, Jul Average, Thailand, THA
244.4, 1941, Aug Average, Thailand, THA
221.8, 1941, Sep Average, Thailand, THA
191.8, 1941, Oct Average, Thailand, THA
69.7, 1941, Nov Average, Thailand, THA
40.7, 1941, Dec Average, Thailand, THA
26.1, 1942, Jan Average, Thailand, THA
13.1, 1942, Feb Average, Thailand, THA
53.0, 1942, Mar Average, Thailand, THA
151.8, 1942, Apr Average, Thailand, THA
218.7, 1942, May Average, Thailand, THA
256.8, 1942, Jun Average, Thailand, THA
161.3, 1942, Jul Average, Thailand, THA
328.3, 1942, Aug Average, Thailand, THA
301.2, 1942, Sep Average, Thailand, THA
141.2, 1942, Oct Average, Thailand, THA
116.9, 1942, Nov Average, Thailand, THA
54.8, 1942, Dec Average, Thailand, THA
7.1, 1943, Jan Average, Thailand, THA
21.8, 1943, Feb Average, Thailand, THA
63.0, 1943, Mar Average, Thailand, THA
126.0, 1943, Apr Average, Thailand, THA
190.9, 1943, May Average, Thailand, THA
169.1, 1943, Jun Average, Thailand, THA
196.2, 1943, Jul Average, Thailand, THA
245.0, 1943, Aug Average, Thailand, THA
297.9, 1943, Sep Average, Thailand, THA
86.1, 1943, Oct Average, Thailand, THA
88.1, 1943, Nov Average, Thailand, THA
24.3, 1943, Dec Average, Thailand, THA
10.7, 1944, Jan Average, Thailand, THA
23.3, 1944, Feb Average, Thailand, THA
21.9, 1944, Mar Average, Thailand, THA
84.9, 1944, Apr Average, Thailand, THA
194.0, 1944, May Average, Thailand, THA
211.0, 1944, Jun Average, Thailand, THA
178.1, 1944, Jul Average, Thailand, THA
301.8, 1944, Aug Average, Thailand, THA
200.4, 1944, Sep Average, Thailand, THA
193.3, 1944, Oct Average, Thailand, THA
75.6, 1944, Nov Average, Thailand, THA
40.0, 1944, Dec Average, Thailand, THA
25.2, 1945, Jan Average, Thailand, THA
43.4, 1945, Feb Average, Thailand, THA
25.3, 1945, Mar Average, Thailand, THA
112.1, 1945, Apr Average, Thailand, THA
179.8, 1945, May Average, Thailand, THA
283.9, 1945, Jun Average, Thailand, THA
228.1, 1945, Jul Average, Thailand, THA
239.7, 1945, Aug Average, Thailand, THA
269.6, 1945, Sep Average, Thailand, THA
99.1, 1945, Oct Average, Thailand, THA
57.8, 1945, Nov Average, Thailand, THA
46.1, 1945, Dec Average, Thailand, THA
16.4, 1946, Jan Average, Thailand, THA
13.0, 1946, Feb Average, Thailand, THA
45.6, 1946, Mar Average, Thailand, THA
139.2, 1946, Apr Average, Thailand, THA
222.5, 1946, May Average, Thailand, THA
153.8, 1946, Jun Average, Thailand, THA
160.2, 1946, Jul Average, Thailand, THA
199.0, 1946, Aug Average, Thailand, THA
258.6, 1946, Sep Average, Thailand, THA
174.3, 1946, Oct Average, Thailand, THA
55.2, 1946, Nov Average, Thailand, THA
42.4, 1946, Dec Average, Thailand, THA
24.5, 1947, Jan Average, Thailand, THA
21.8, 1947, Feb Average, Thailand, THA
48.9, 1947, Mar Average, Thailand, THA
158.0, 1947, Apr Average, Thailand, THA
155.7, 1947, May Average, Thailand, THA
203.0, 1947, Jun Average, Thailand, THA
199.0, 1947, Jul Average, Thailand, THA
292.1, 1947, Aug Average, Thailand, THA
212.9, 1947, Sep Average, Thailand, THA
120.5, 1947, Oct Average, Thailand, THA
40.7, 1947, Nov Average, Thailand, THA
38.5, 1947, Dec Average, Thailand, THA
7.5, 1948, Jan Average, Thailand, THA
15.3, 1948, Feb Average, Thailand, THA
45.8, 1948, Mar Average, Thailand, THA
135.8, 1948, Apr Average, Thailand, THA
211.0, 1948, May Average, Thailand, THA
175.5, 1948, Jun Average, Thailand, THA
238.1, 1948, Jul Average, Thailand, THA
271.6, 1948, Aug Average, Thailand, THA
268.7, 1948, Sep Average, Thailand, THA
188.3, 1948, Oct Average, Thailand, THA
40.8, 1948, Nov Average, Thailand, THA
6.8, 1948, Dec Average, Thailand, THA
15.2, 1949, Jan Average, Thailand, THA
24.0, 1949, Feb Average, Thailand, THA
28.2, 1949, Mar Average, Thailand, THA
129.8, 1949, Apr Average, Thailand, THA
185.4, 1949, May Average, Thailand, THA
121.1, 1949, Jun Average, Thailand, THA
267.8, 1949, Jul Average, Thailand, THA
286.8, 1949, Aug Average, Thailand, THA
298.2, 1949, Sep Average, Thailand, THA
181.7, 1949, Oct Average, Thailand, THA
113.8, 1949, Nov Average, Thailand, THA
28.9, 1949, Dec Average, Thailand, THA
15.5, 1950, Jan Average, Thailand, THA
14.7, 1950, Feb Average, Thailand, THA
31.5, 1950, Mar Average, Thailand, THA
100.0, 1950, Apr Average, Thailand, THA
200.8, 1950, May Average, Thailand, THA
223.9, 1950, Jun Average, Thailand, THA
194.7, 1950, Jul Average, Thailand, THA
231.6, 1950, Aug Average, Thailand, THA
313.1, 1950, Sep Average, Thailand, THA
234.6, 1950, Oct Average, Thailand, THA
77.4, 1950, Nov Average, Thailand, THA
26.4, 1950, Dec Average, Thailand, THA
24.4, 1951, Jan Average, Thailand, THA
11.2, 1951, Feb Average, Thailand, THA
37.7, 1951, Mar Average, Thailand, THA
79.7, 1951, Apr Average, Thailand, THA
215.5, 1951, May Average, Thailand, THA
208.3, 1951, Jun Average, Thailand, THA
289.6, 1951, Jul Average, Thailand, THA
199.3, 1951, Aug Average, Thailand, THA
306.2, 1951, Sep Average, Thailand, THA
232.5, 1951, Oct Average, Thailand, THA
88.9, 1951, Nov Average, Thailand, THA
33.0, 1951, Dec Average, Thailand, THA
8.1, 1952, Jan Average, Thailand, THA
17.8, 1952, Feb Average, Thailand, THA
91.6, 1952, Mar Average, Thailand, THA
57.8, 1952, Apr Average, Thailand, THA
186.4, 1952, May Average, Thailand, THA
194.5, 1952, Jun Average, Thailand, THA
188.8, 1952, Jul Average, Thailand, THA
284.3, 1952, Aug Average, Thailand, THA
232.1, 1952, Sep Average, Thailand, THA
252.0, 1952, Oct Average, Thailand, THA
63.8, 1952, Nov Average, Thailand, THA
31.0, 1952, Dec Average, Thailand, THA
52.1, 1953, Jan Average, Thailand, THA
48.3, 1953, Feb Average, Thailand, THA
42.2, 1953, Mar Average, Thailand, THA
110.0, 1953, Apr Average, Thailand, THA
209.5, 1953, May Average, Thailand, THA
254.1, 1953, Jun Average, Thailand, THA
242.1, 1953, Jul Average, Thailand, THA
207.4, 1953, Aug Average, Thailand, THA
271.4, 1953, Sep Average, Thailand, THA
163.3, 1953, Oct Average, Thailand, THA
111.0, 1953, Nov Average, Thailand, THA
26.6, 1953, Dec Average, Thailand, THA
23.3, 1954, Jan Average, Thailand, THA
16.9, 1954, Feb Average, Thailand, THA
45.9, 1954, Mar Average, Thailand, THA
72.9, 1954, Apr Average, Thailand, THA
223.6, 1954, May Average, Thailand, THA
182.3, 1954, Jun Average, Thailand, THA
186.4, 1954, Jul Average, Thailand, THA
266.2, 1954, Aug Average, Thailand, THA
314.6, 1954, Sep Average, Thailand, THA
134.9, 1954, Oct Average, Thailand, THA
31.9, 1954, Nov Average, Thailand, THA
25.6, 1954, Dec Average, Thailand, THA
16.9, 1955, Jan Average, Thailand, THA
11.3, 1955, Feb Average, Thailand, THA
38.4, 1955, Mar Average, Thailand, THA
110.8, 1955, Apr Average, Thailand, THA
173.5, 1955, May Average, Thailand, THA
279.8, 1955, Jun Average, Thailand, THA
188.8, 1955, Jul Average, Thailand, THA
243.2, 1955, Aug Average, Thailand, THA
253.3, 1955, Sep Average, Thailand, THA
117.8, 1955, Oct Average, Thailand, THA
92.2, 1955, Nov Average, Thailand, THA
16.2, 1955, Dec Average, Thailand, THA
11.9, 1956, Jan Average, Thailand, THA
27.5, 1956, Feb Average, Thailand, THA
39.0, 1956, Mar Average, Thailand, THA
129.0, 1956, Apr Average, Thailand, THA
230.1, 1956, May Average, Thailand, THA
218.6, 1956, Jun Average, Thailand, THA
246.1, 1956, Jul Average, Thailand, THA
268.3, 1956, Aug Average, Thailand, THA
291.5, 1956, Sep Average, Thailand, THA
139.8, 1956, Oct Average, Thailand, THA
59.9, 1956, Nov Average, Thailand, THA
33.5, 1956, Dec Average, Thailand, THA
9.6, 1957, Jan Average, Thailand, THA
15.3, 1957, Feb Average, Thailand, THA
73.5, 1957, Mar Average, Thailand, THA
84.9, 1957, Apr Average, Thailand, THA
125.2, 1957, May Average, Thailand, THA
205.6, 1957, Jun Average, Thailand, THA
214.5, 1957, Jul Average, Thailand, THA
237.4, 1957, Aug Average, Thailand, THA
305.8, 1957, Sep Average, Thailand, THA
181.4, 1957, Oct Average, Thailand, THA
49.4, 1957, Nov Average, Thailand, THA
23.9, 1957, Dec Average, Thailand, THA
19.2, 1958, Jan Average, Thailand, THA
17.8, 1958, Feb Average, Thailand, THA
35.5, 1958, Mar Average, Thailand, THA
57.9, 1958, Apr Average, Thailand, THA
129.3, 1958, May Average, Thailand, THA
223.5, 1958, Jun Average, Thailand, THA
192.4, 1958, Jul Average, Thailand, THA
264.9, 1958, Aug Average, Thailand, THA
272.6, 1958, Sep Average, Thailand, THA
160.3, 1958, Oct Average, Thailand, THA
47.4, 1958, Nov Average, Thailand, THA
7.6, 1958, Dec Average, Thailand, THA
6.2, 1959, Jan Average, Thailand, THA
20.9, 1959, Feb Average, Thailand, THA
54.0, 1959, Mar Average, Thailand, THA
80.2, 1959, Apr Average, Thailand, THA
210.0, 1959, May Average, Thailand, THA
149.6, 1959, Jun Average, Thailand, THA
282.5, 1959, Jul Average, Thailand, THA
202.0, 1959, Aug Average, Thailand, THA
347.3, 1959, Sep Average, Thailand, THA
131.2, 1959, Oct Average, Thailand, THA
54.8, 1959, Nov Average, Thailand, THA
33.8, 1959, Dec Average, Thailand, THA
14.4, 1960, Jan Average, Thailand, THA
13.1, 1960, Feb Average, Thailand, THA
36.3, 1960, Mar Average, Thailand, THA
37.3, 1960, Apr Average, Thailand, THA
177.4, 1960, May Average, Thailand, THA
167.8, 1960, Jun Average, Thailand, THA
227.8, 1960, Jul Average, Thailand, THA
257.5, 1960, Aug Average, Thailand, THA
252.7, 1960, Sep Average, Thailand, THA
205.6, 1960, Oct Average, Thailand, THA
82.3, 1960, Nov Average, Thailand, THA
28.0, 1960, Dec Average, Thailand, THA
16.6, 1961, Jan Average, Thailand, THA
26.9, 1961, Feb Average, Thailand, THA
50.7, 1961, Mar Average, Thailand, THA
107.7, 1961, Apr Average, Thailand, THA
239.3, 1961, May Average, Thailand, THA
220.6, 1961, Jun Average, Thailand, THA
182.2, 1961, Jul Average, Thailand, THA
265.1, 1961, Aug Average, Thailand, THA
278.0, 1961, Sep Average, Thailand, THA
192.5, 1961, Oct Average, Thailand, THA
60.4, 1961, Nov Average, Thailand, THA
47.3, 1961, Dec Average, Thailand, THA
12.7, 1962, Jan Average, Thailand, THA
6.5, 1962, Feb Average, Thailand, THA
32.9, 1962, Mar Average, Thailand, THA
82.1, 1962, Apr Average, Thailand, THA
173.7, 1962, May Average, Thailand, THA
151.6, 1962, Jun Average, Thailand, THA
237.1, 1962, Jul Average, Thailand, THA
275.3, 1962, Aug Average, Thailand, THA
322.3, 1962, Sep Average, Thailand, THA
171.1, 1962, Oct Average, Thailand, THA
48.1, 1962, Nov Average, Thailand, THA
23.8, 1962, Dec Average, Thailand, THA
9.6, 1963, Jan Average, Thailand, THA
7.6, 1963, Feb Average, Thailand, THA
35.7, 1963, Mar Average, Thailand, THA
54.2, 1963, Apr Average, Thailand, THA
108.6, 1963, May Average, Thailand, THA
224.0, 1963, Jun Average, Thailand, THA
233.6, 1963, Jul Average, Thailand, THA
261.9, 1963, Aug Average, Thailand, THA
292.4, 1963, Sep Average, Thailand, THA
235.8, 1963, Oct Average, Thailand, THA
122.1, 1963, Nov Average, Thailand, THA
27.1, 1963, Dec Average, Thailand, THA
15.5, 1964, Jan Average, Thailand, THA
18.6, 1964, Feb Average, Thailand, THA
31.6, 1964, Mar Average, Thailand, THA
77.8, 1964, Apr Average, Thailand, THA
296.2, 1964, May Average, Thailand, THA
154.5, 1964, Jun Average, Thailand, THA
221.4, 1964, Jul Average, Thailand, THA
227.1, 1964, Aug Average, Thailand, THA
301.6, 1964, Sep Average, Thailand, THA
194.7, 1964, Oct Average, Thailand, THA
72.7, 1964, Nov Average, Thailand, THA
30.6, 1964, Dec Average, Thailand, THA
6.9, 1965, Jan Average, Thailand, THA
37.7, 1965, Feb Average, Thailand, THA
36.1, 1965, Mar Average, Thailand, THA
80.9, 1965, Apr Average, Thailand, THA
209.1, 1965, May Average, Thailand, THA
196.7, 1965, Jun Average, Thailand, THA
155.5, 1965, Jul Average, Thailand, THA
281.5, 1965, Aug Average, Thailand, THA
267.8, 1965, Sep Average, Thailand, THA
150.5, 1965, Oct Average, Thailand, THA
71.4, 1965, Nov Average, Thailand, THA
51.0, 1965, Dec Average, Thailand, THA
22.7, 1966, Jan Average, Thailand, THA
24.1, 1966, Feb Average, Thailand, THA
40.5, 1966, Mar Average, Thailand, THA
59.1, 1966, Apr Average, Thailand, THA
321.8, 1966, May Average, Thailand, THA
176.5, 1966, Jun Average, Thailand, THA
208.8, 1966, Jul Average, Thailand, THA
308.1, 1966, Aug Average, Thailand, THA
229.0, 1966, Sep Average, Thailand, THA
163.3, 1966, Oct Average, Thailand, THA
90.8, 1966, Nov Average, Thailand, THA
57.0, 1966, Dec Average, Thailand, THA
37.5, 1967, Jan Average, Thailand, THA
13.6, 1967, Feb Average, Thailand, THA
11.9, 1967, Mar Average, Thailand, THA
101.5, 1967, Apr Average, Thailand, THA
188.4, 1967, May Average, Thailand, THA
157.4, 1967, Jun Average, Thailand, THA
193.6, 1967, Jul Average, Thailand, THA
209.6, 1967, Aug Average, Thailand, THA
293.1, 1967, Sep Average, Thailand, THA
116.4, 1967, Oct Average, Thailand, THA
72.8, 1967, Nov Average, Thailand, THA
11.6, 1967, Dec Average, Thailand, THA
7.9, 1968, Jan Average, Thailand, THA
22.4, 1968, Feb Average, Thailand, THA
22.8, 1968, Mar Average, Thailand, THA
120.2, 1968, Apr Average, Thailand, THA
198.4, 1968, May Average, Thailand, THA
236.2, 1968, Jun Average, Thailand, THA
192.4, 1968, Jul Average, Thailand, THA
213.0, 1968, Aug Average, Thailand, THA
229.4, 1968, Sep Average, Thailand, THA
113.0, 1968, Oct Average, Thailand, THA
40.1, 1968, Nov Average, Thailand, THA
26.9, 1968, Dec Average, Thailand, THA
37.6, 1969, Jan Average, Thailand, THA
7.1, 1969, Feb Average, Thailand, THA
44.3, 1969, Mar Average, Thailand, THA
62.6, 1969, Apr Average, Thailand, THA
184.7, 1969, May Average, Thailand, THA
229.0, 1969, Jun Average, Thailand, THA
223.4, 1969, Jul Average, Thailand, THA
218.9, 1969, Aug Average, Thailand, THA
309.8, 1969, Sep Average, Thailand, THA
161.2, 1969, Oct Average, Thailand, THA
80.3, 1969, Nov Average, Thailand, THA
22.0, 1969, Dec Average, Thailand, THA
17.1, 1970, Jan Average, Thailand, THA
16.7, 1970, Feb Average, Thailand, THA
54.4, 1970, Mar Average, Thailand, THA
101.7, 1970, Apr Average, Thailand, THA
232.5, 1970, May Average, Thailand, THA
296.0, 1970, Jun Average, Thailand, THA
221.7, 1970, Jul Average, Thailand, THA
318.6, 1970, Aug Average, Thailand, THA
277.9, 1970, Sep Average, Thailand, THA
130.5, 1970, Oct Average, Thailand, THA
74.6, 1970, Nov Average, Thailand, THA
60.4, 1970, Dec Average, Thailand, THA
5.0, 1971, Jan Average, Thailand, THA
23.8, 1971, Feb Average, Thailand, THA
35.9, 1971, Mar Average, Thailand, THA
68.5, 1971, Apr Average, Thailand, THA
228.6, 1971, May Average, Thailand, THA
216.9, 1971, Jun Average, Thailand, THA
218.8, 1971, Jul Average, Thailand, THA
315.5, 1971, Aug Average, Thailand, THA
226.0, 1971, Sep Average, Thailand, THA
154.1, 1971, Oct Average, Thailand, THA
48.7, 1971, Nov Average, Thailand, THA
43.3, 1971, Dec Average, Thailand, THA
3.6, 1972, Jan Average, Thailand, THA
19.0, 1972, Feb Average, Thailand, THA
37.9, 1972, Mar Average, Thailand, THA
122.0, 1972, Apr Average, Thailand, THA
79.8, 1972, May Average, Thailand, THA
232.0, 1972, Jun Average, Thailand, THA
183.1, 1972, Jul Average, Thailand, THA
210.0, 1972, Aug Average, Thailand, THA
276.8, 1972, Sep Average, Thailand, THA
180.5, 1972, Oct Average, Thailand, THA
116.5, 1972, Nov Average, Thailand, THA
46.7, 1972, Dec Average, Thailand, THA
6.6, 1973, Jan Average, Thailand, THA
3.8, 1973, Feb Average, Thailand, THA
58.7, 1973, Mar Average, Thailand, THA
43.0, 1973, Apr Average, Thailand, THA
189.7, 1973, May Average, Thailand, THA
202.6, 1973, Jun Average, Thailand, THA
238.9, 1973, Jul Average, Thailand, THA
233.7, 1973, Aug Average, Thailand, THA
295.6, 1973, Sep Average, Thailand, THA
109.4, 1973, Oct Average, Thailand, THA
110.0, 1973, Nov Average, Thailand, THA
37.8, 1973, Dec Average, Thailand, THA
8.9, 1974, Jan Average, Thailand, THA
10.0, 1974, Feb Average, Thailand, THA
55.0, 1974, Mar Average, Thailand, THA
134.5, 1974, Apr Average, Thailand, THA
180.0, 1974, May Average, Thailand, THA
160.1, 1974, Jun Average, Thailand, THA
198.7, 1974, Jul Average, Thailand, THA
293.7, 1974, Aug Average, Thailand, THA
232.5, 1974, Sep Average, Thailand, THA
209.7, 1974, Oct Average, Thailand, THA
116.3, 1974, Nov Average, Thailand, THA
30.7, 1974, Dec Average, Thailand, THA
65.4, 1975, Jan Average, Thailand, THA
24.4, 1975, Feb Average, Thailand, THA
34.1, 1975, Mar Average, Thailand, THA
39.6, 1975, Apr Average, Thailand, THA
231.1, 1975, May Average, Thailand, THA
214.5, 1975, Jun Average, Thailand, THA
210.8, 1975, Jul Average, Thailand, THA
292.2, 1975, Aug Average, Thailand, THA
239.4, 1975, Sep Average, Thailand, THA
181.1, 1975, Oct Average, Thailand, THA
84.7, 1975, Nov Average, Thailand, THA
40.4, 1975, Dec Average, Thailand, THA
1.4, 1976, Jan Average, Thailand, THA
18.7, 1976, Feb Average, Thailand, THA
36.9, 1976, Mar Average, Thailand, THA
82.0, 1976, Apr Average, Thailand, THA
210.0, 1976, May Average, Thailand, THA
143.3, 1976, Jun Average, Thailand, THA
242.3, 1976, Jul Average, Thailand, THA
281.4, 1976, Aug Average, Thailand, THA
259.4, 1976, Sep Average, Thailand, THA
191.4, 1976, Oct Average, Thailand, THA
66.5, 1976, Nov Average, Thailand, THA
14.7, 1976, Dec Average, Thailand, THA
22.6, 1977, Jan Average, Thailand, THA
11.7, 1977, Feb Average, Thailand, THA
26.6, 1977, Mar Average, Thailand, THA
76.6, 1977, Apr Average, Thailand, THA
154.2, 1977, May Average, Thailand, THA
116.6, 1977, Jun Average, Thailand, THA
181.0, 1977, Jul Average, Thailand, THA
244.9, 1977, Aug Average, Thailand, THA
278.9, 1977, Sep Average, Thailand, THA
128.1, 1977, Oct Average, Thailand, THA
58.9, 1977, Nov Average, Thailand, THA
24.1, 1977, Dec Average, Thailand, THA
25.1, 1978, Jan Average, Thailand, THA
35.9, 1978, Feb Average, Thailand, THA
24.7, 1978, Mar Average, Thailand, THA
84.1, 1978, Apr Average, Thailand, THA
204.2, 1978, May Average, Thailand, THA
186.4, 1978, Jun Average, Thailand, THA
322.0, 1978, Jul Average, Thailand, THA
232.8, 1978, Aug Average, Thailand, THA
302.2, 1978, Sep Average, Thailand, THA
105.5, 1978, Oct Average, Thailand, THA
29.3, 1978, Nov Average, Thailand, THA
16.3, 1978, Dec Average, Thailand, THA
4.6, 1979, Jan Average, Thailand, THA
14.5, 1979, Feb Average, Thailand, THA
3.5, 1979, Mar Average, Thailand, THA
95.5, 1979, Apr Average, Thailand, THA
186.7, 1979, May Average, Thailand, THA
244.0, 1979, Jun Average, Thailand, THA
152.9, 1979, Jul Average, Thailand, THA
201.1, 1979, Aug Average, Thailand, THA
238.9, 1979, Sep Average, Thailand, THA
57.5, 1979, Oct Average, Thailand, THA
39.0, 1979, Nov Average, Thailand, THA
10.3, 1979, Dec Average, Thailand, THA
2.4, 1980, Jan Average, Thailand, THA
7.9, 1980, Feb Average, Thailand, THA
34.0, 1980, Mar Average, Thailand, THA
66.7, 1980, Apr Average, Thailand, THA
197.6, 1980, May Average, Thailand, THA
294.9, 1980, Jun Average, Thailand, THA
225.2, 1980, Jul Average, Thailand, THA
225.7, 1980, Aug Average, Thailand, THA
301.1, 1980, Sep Average, Thailand, THA
150.4, 1980, Oct Average, Thailand, THA
76.6, 1980, Nov Average, Thailand, THA
34.6, 1980, Dec Average, Thailand, THA
3.2, 1981, Jan Average, Thailand, THA
19.8, 1981, Feb Average, Thailand, THA
25.5, 1981, Mar Average, Thailand, THA
99.5, 1981, Apr Average, Thailand, THA
227.7, 1981, May Average, Thailand, THA
196.6, 1981, Jun Average, Thailand, THA
244.1, 1981, Jul Average, Thailand, THA
202.7, 1981, Aug Average, Thailand, THA
190.9, 1981, Sep Average, Thailand, THA
138.1, 1981, Oct Average, Thailand, THA
133.6, 1981, Nov Average, Thailand, THA
26.7, 1981, Dec Average, Thailand, THA
1.5, 1982, Jan Average, Thailand, THA
16.3, 1982, Feb Average, Thailand, THA
46.2, 1982, Mar Average, Thailand, THA
98.2, 1982, Apr Average, Thailand, THA
162.2, 1982, May Average, Thailand, THA
194.6, 1982, Jun Average, Thailand, THA
197.4, 1982, Jul Average, Thailand, THA
217.0, 1982, Aug Average, Thailand, THA
296.6, 1982, Sep Average, Thailand, THA
137.9, 1982, Oct Average, Thailand, THA
65.8, 1982, Nov Average, Thailand, THA
24.8, 1982, Dec Average, Thailand, THA
13.6, 1983, Jan Average, Thailand, THA
2.7, 1983, Feb Average, Thailand, THA
15.4, 1983, Mar Average, Thailand, THA
25.6, 1983, Apr Average, Thailand, THA
162.9, 1983, May Average, Thailand, THA
208.0, 1983, Jun Average, Thailand, THA
209.4, 1983, Jul Average, Thailand, THA
324.4, 1983, Aug Average, Thailand, THA
232.8, 1983, Sep Average, Thailand, THA
235.8, 1983, Oct Average, Thailand, THA
110.5, 1983, Nov Average, Thailand, THA
37.4, 1983, Dec Average, Thailand, THA
14.4, 1984, Jan Average, Thailand, THA
26.1, 1984, Feb Average, Thailand, THA
30.8, 1984, Mar Average, Thailand, THA
99.3, 1984, Apr Average, Thailand, THA
151.2, 1984, May Average, Thailand, THA
218.0, 1984, Jun Average, Thailand, THA
215.3, 1984, Jul Average, Thailand, THA
217.1, 1984, Aug Average, Thailand, THA
236.5, 1984, Sep Average, Thailand, THA
153.6, 1984, Oct Average, Thailand, THA
50.1, 1984, Nov Average, Thailand, THA
43.9, 1984, Dec Average, Thailand, THA
14.0, 1985, Jan Average, Thailand, THA
20.1, 1985, Feb Average, Thailand, THA
28.2, 1985, Mar Average, Thailand, THA
108.9, 1985, Apr Average, Thailand, THA
195.8, 1985, May Average, Thailand, THA
174.6, 1985, Jun Average, Thailand, THA
188.7, 1985, Jul Average, Thailand, THA
199.3, 1985, Aug Average, Thailand, THA
257.8, 1985, Sep Average, Thailand, THA
190.1, 1985, Oct Average, Thailand, THA
92.6, 1985, Nov Average, Thailand, THA
26.1, 1985, Dec Average, Thailand, THA
6.2, 1986, Jan Average, Thailand, THA
3.3, 1986, Feb Average, Thailand, THA
8.7, 1986, Mar Average, Thailand, THA
100.8, 1986, Apr Average, Thailand, THA
234.5, 1986, May Average, Thailand, THA
168.2, 1986, Jun Average, Thailand, THA
189.0, 1986, Jul Average, Thailand, THA
241.9, 1986, Aug Average, Thailand, THA
227.3, 1986, Sep Average, Thailand, THA
177.7, 1986, Oct Average, Thailand, THA
63.2, 1986, Nov Average, Thailand, THA
27.1, 1986, Dec Average, Thailand, THA
5.0, 1987, Jan Average, Thailand, THA
11.0, 1987, Feb Average, Thailand, THA
39.7, 1987, Mar Average, Thailand, THA
67.6, 1987, Apr Average, Thailand, THA
128.3, 1987, May Average, Thailand, THA
222.2, 1987, Jun Average, Thailand, THA
124.4, 1987, Jul Average, Thailand, THA
282.0, 1987, Aug Average, Thailand, THA
273.8, 1987, Sep Average, Thailand, THA
128.7, 1987, Oct Average, Thailand, THA
132.3, 1987, Nov Average, Thailand, THA
34.6, 1987, Dec Average, Thailand, THA
10.0, 1988, Jan Average, Thailand, THA
26.1, 1988, Feb Average, Thailand, THA
20.6, 1988, Mar Average, Thailand, THA
132.0, 1988, Apr Average, Thailand, THA
244.6, 1988, May Average, Thailand, THA
243.9, 1988, Jun Average, Thailand, THA
224.3, 1988, Jul Average, Thailand, THA
251.2, 1988, Aug Average, Thailand, THA
226.6, 1988, Sep Average, Thailand, THA
217.4, 1988, Oct Average, Thailand, THA
80.4, 1988, Nov Average, Thailand, THA
12.2, 1988, Dec Average, Thailand, THA
15.7, 1989, Jan Average, Thailand, THA
5.6, 1989, Feb Average, Thailand, THA
47.7, 1989, Mar Average, Thailand, THA
58.1, 1989, Apr Average, Thailand, THA
199.7, 1989, May Average, Thailand, THA
177.3, 1989, Jun Average, Thailand, THA
199.8, 1989, Jul Average, Thailand, THA
226.0, 1989, Aug Average, Thailand, THA
207.6, 1989, Sep Average, Thailand, THA
195.4, 1989, Oct Average, Thailand, THA
37.4, 1989, Nov Average, Thailand, THA
6.4, 1989, Dec Average, Thailand, THA
8.4, 1990, Jan Average, Thailand, THA
25.7, 1990, Feb Average, Thailand, THA
59.5, 1990, Mar Average, Thailand, THA
59.1, 1990, Apr Average, Thailand, THA
236.5, 1990, May Average, Thailand, THA
170.2, 1990, Jun Average, Thailand, THA
181.5, 1990, Jul Average, Thailand, THA
194.8, 1990, Aug Average, Thailand, THA
226.5, 1990, Sep Average, Thailand, THA
230.7, 1990, Oct Average, Thailand, THA
80.1, 1990, Nov Average, Thailand, THA
15.4, 1990, Dec Average, Thailand, THA
8.5, 1991, Jan Average, Thailand, THA
6.6, 1991, Feb Average, Thailand, THA
29.3, 1991, Mar Average, Thailand, THA
68.1, 1991, Apr Average, Thailand, THA
173.5, 1991, May Average, Thailand, THA
167.5, 1991, Jun Average, Thailand, THA
175.4, 1991, Jul Average, Thailand, THA
308.8, 1991, Aug Average, Thailand, THA
227.6, 1991, Sep Average, Thailand, THA
137.7, 1991, Oct Average, Thailand, THA
37.4, 1991, Nov Average, Thailand, THA
34.7, 1991, Dec Average, Thailand, THA
17.7, 1992, Jan Average, Thailand, THA
19.3, 1992, Feb Average, Thailand, THA
3.7, 1992, Mar Average, Thailand, THA
26.2, 1992, Apr Average, Thailand, THA
108.9, 1992, May Average, Thailand, THA
178.7, 1992, Jun Average, Thailand, THA
263.3, 1992, Jul Average, Thailand, THA
249.8, 1992, Aug Average, Thailand, THA
215.3, 1992, Sep Average, Thailand, THA
168.3, 1992, Oct Average, Thailand, THA
37.9, 1992, Nov Average, Thailand, THA
28.4, 1992, Dec Average, Thailand, THA
14.4, 1993, Jan Average, Thailand, THA
3.5, 1993, Feb Average, Thailand, THA
59.9, 1993, Mar Average, Thailand, THA
77.7, 1993, Apr Average, Thailand, THA
165.1, 1993, May Average, Thailand, THA
132.3, 1993, Jun Average, Thailand, THA
167.3, 1993, Jul Average, Thailand, THA
213.6, 1993, Aug Average, Thailand, THA
242.6, 1993, Sep Average, Thailand, THA
115.6, 1993, Oct Average, Thailand, THA
47.7, 1993, Nov Average, Thailand, THA
44.8, 1993, Dec Average, Thailand, THA
3.9, 1994, Jan Average, Thailand, THA
21.3, 1994, Feb Average, Thailand, THA
87.0, 1994, Mar Average, Thailand, THA
73.8, 1994, Apr Average, Thailand, THA
236.7, 1994, May Average, Thailand, THA
286.0, 1994, Jun Average, Thailand, THA
176.1, 1994, Jul Average, Thailand, THA
300.5, 1994, Aug Average, Thailand, THA
243.7, 1994, Sep Average, Thailand, THA
97.0, 1994, Oct Average, Thailand, THA
48.0, 1994, Nov Average, Thailand, THA
21.2, 1994, Dec Average, Thailand, THA
10.7, 1995, Jan Average, Thailand, THA
7.9, 1995, Feb Average, Thailand, THA
34.5, 1995, Mar Average, Thailand, THA
51.8, 1995, Apr Average, Thailand, THA
179.4, 1995, May Average, Thailand, THA
193.5, 1995, Jun Average, Thailand, THA
283.1, 1995, Jul Average, Thailand, THA
347.9, 1995, Aug Average, Thailand, THA
255.1, 1995, Sep Average, Thailand, THA
135.3, 1995, Oct Average, Thailand, THA
88.7, 1995, Nov Average, Thailand, THA
23.4, 1995, Dec Average, Thailand, THA
9.7, 1996, Jan Average, Thailand, THA
28.0, 1996, Feb Average, Thailand, THA
42.4, 1996, Mar Average, Thailand, THA
152.6, 1996, Apr Average, Thailand, THA
161.5, 1996, May Average, Thailand, THA
227.7, 1996, Jun Average, Thailand, THA
184.3, 1996, Jul Average, Thailand, THA
241.1, 1996, Aug Average, Thailand, THA
327.7, 1996, Sep Average, Thailand, THA
154.5, 1996, Oct Average, Thailand, THA
126.0, 1996, Nov Average, Thailand, THA
42.9, 1996, Dec Average, Thailand, THA
5.0, 1997, Jan Average, Thailand, THA
18.9, 1997, Feb Average, Thailand, THA
49.4, 1997, Mar Average, Thailand, THA
86.8, 1997, Apr Average, Thailand, THA
118.0, 1997, May Average, Thailand, THA
132.7, 1997, Jun Average, Thailand, THA
217.4, 1997, Jul Average, Thailand, THA
264.7, 1997, Aug Average, Thailand, THA
219.1, 1997, Sep Average, Thailand, THA
149.5, 1997, Oct Average, Thailand, THA
53.5, 1997, Nov Average, Thailand, THA
30.1, 1997, Dec Average, Thailand, THA
10.0, 1998, Jan Average, Thailand, THA
21.1, 1998, Feb Average, Thailand, THA
19.3, 1998, Mar Average, Thailand, THA
61.8, 1998, Apr Average, Thailand, THA
171.2, 1998, May Average, Thailand, THA
196.0, 1998, Jun Average, Thailand, THA
209.8, 1998, Jul Average, Thailand, THA
266.2, 1998, Aug Average, Thailand, THA
228.1, 1998, Sep Average, Thailand, THA
131.2, 1998, Oct Average, Thailand, THA
103.7, 1998, Nov Average, Thailand, THA
37.0, 1998, Dec Average, Thailand, THA
29.1, 1999, Jan Average, Thailand, THA
24.0, 1999, Feb Average, Thailand, THA
48.3, 1999, Mar Average, Thailand, THA
165.1, 1999, Apr Average, Thailand, THA
273.0, 1999, May Average, Thailand, THA
176.1, 1999, Jun Average, Thailand, THA
192.0, 1999, Jul Average, Thailand, THA
224.5, 1999, Aug Average, Thailand, THA
237.8, 1999, Sep Average, Thailand, THA
206.5, 1999, Oct Average, Thailand, THA
107.4, 1999, Nov Average, Thailand, THA
34.1, 1999, Dec Average, Thailand, THA
19.2, 2000, Jan Average, Thailand, THA
31.0, 2000, Feb Average, Thailand, THA
38.7, 2000, Mar Average, Thailand, THA
173.0, 2000, Apr Average, Thailand, THA
238.0, 2000, May Average, Thailand, THA
260.2, 2000, Jun Average, Thailand, THA
195.6, 2000, Jul Average, Thailand, THA
268.3, 2000, Aug Average, Thailand, THA
233.1, 2000, Sep Average, Thailand, THA
172.3, 2000, Oct Average, Thailand, THA
45.3, 2000, Nov Average, Thailand, THA
34.1, 2000, Dec Average, Thailand, THA
26.5, 2001, Jan Average, Thailand, THA
7.4, 2001, Feb Average, Thailand, THA
99.7, 2001, Mar Average, Thailand, THA
44.8, 2001, Apr Average, Thailand, THA
227.8, 2001, May Average, Thailand, THA
200.6, 2001, Jun Average, Thailand, THA
180.8, 2001, Jul Average, Thailand, THA
263.8, 2001, Aug Average, Thailand, THA
220.8, 2001, Sep Average, Thailand, THA
186.1, 2001, Oct Average, Thailand, THA
49.9, 2001, Nov Average, Thailand, THA
32.2, 2001, Dec Average, Thailand, THA
6.5, 2002, Jan Average, Thailand, THA
5.5, 2002, Feb Average, Thailand, THA
48.6, 2002, Mar Average, Thailand, THA
69.0, 2002, Apr Average, Thailand, THA
222.6, 2002, May Average, Thailand, THA
179.8, 2002, Jun Average, Thailand, THA
170.9, 2002, Jul Average, Thailand, THA
298.3, 2002, Aug Average, Thailand, THA
298.9, 2002, Sep Average, Thailand, THA
122.7, 2002, Oct Average, Thailand, THA
106.8, 2002, Nov Average, Thailand, THA
65.9, 2002, Dec Average, Thailand, THA
9.6, 2003, Jan Average, Thailand, THA
21.6, 2003, Feb Average, Thailand, THA
86.8, 2003, Mar Average, Thailand, THA
59.2, 2003, Apr Average, Thailand, THA
150.2, 2003, May Average, Thailand, THA
228.2, 2003, Jun Average, Thailand, THA
219.5, 2003, Jul Average, Thailand, THA
232.9, 2003, Aug Average, Thailand, THA
292.0, 2003, Sep Average, Thailand, THA
119.1, 2003, Oct Average, Thailand, THA
38.5, 2003, Nov Average, Thailand, THA
27.9, 2003, Dec Average, Thailand, THA
17.8, 2004, Jan Average, Thailand, THA
37.2, 2004, Feb Average, Thailand, THA
16.1, 2004, Mar Average, Thailand, THA
67.5, 2004, Apr Average, Thailand, THA
196.6, 2004, May Average, Thailand, THA
247.3, 2004, Jun Average, Thailand, THA
253.0, 2004, Jul Average, Thailand, THA
200.2, 2004, Aug Average, Thailand, THA
243.2, 2004, Sep Average, Thailand, THA
58.9, 2004, Oct Average, Thailand, THA
38.3, 2004, Nov Average, Thailand, THA
14.8, 2004, Dec Average, Thailand, THA
9.1, 2005, Jan Average, Thailand, THA
3.7, 2005, Feb Average, Thailand, THA
34.1, 2005, Mar Average, Thailand, THA
80.6, 2005, Apr Average, Thailand, THA
153.2, 2005, May Average, Thailand, THA
205.6, 2005, Jun Average, Thailand, THA
222.7, 2005, Jul Average, Thailand, THA
213.1, 2005, Aug Average, Thailand, THA
319.9, 2005, Sep Average, Thailand, THA
115.6, 2005, Oct Average, Thailand, THA
110.4, 2005, Nov Average, Thailand, THA
59.7, 2005, Dec Average, Thailand, THA
10.5, 2006, Jan Average, Thailand, THA
23.6, 2006, Feb Average, Thailand, THA
60.4, 2006, Mar Average, Thailand, THA
126.2, 2006, Apr Average, Thailand, THA
235.1, 2006, May Average, Thailand, THA
204.5, 2006, Jun Average, Thailand, THA
237.6, 2006, Jul Average, Thailand, THA
249.5, 2006, Aug Average, Thailand, THA
251.8, 2006, Sep Average, Thailand, THA
196.8, 2006, Oct Average, Thailand, THA
36.5, 2006, Nov Average, Thailand, THA
26.4, 2006, Dec Average, Thailand, THA
16.4, 2007, Jan Average, Thailand, THA
10.4, 2007, Feb Average, Thailand, THA
34.6, 2007, Mar Average, Thailand, THA
110.7, 2007, Apr Average, Thailand, THA
293.0, 2007, May Average, Thailand, THA
214.1, 2007, Jun Average, Thailand, THA
195.4, 2007, Jul Average, Thailand, THA
223.9, 2007, Aug Average, Thailand, THA
240.3, 2007, Sep Average, Thailand, THA
209.9, 2007, Oct Average, Thailand, THA
46.2, 2007, Nov Average, Thailand, THA
18.4, 2007, Dec Average, Thailand, THA
24.3, 2008, Jan Average, Thailand, THA
29.7, 2008, Feb Average, Thailand, THA
40.9, 2008, Mar Average, Thailand, THA
128.4, 2008, Apr Average, Thailand, THA
209.2, 2008, May Average, Thailand, THA
216.7, 2008, Jun Average, Thailand, THA
208.8, 2008, Jul Average, Thailand, THA
210.5, 2008, Aug Average, Thailand, THA
288.3, 2008, Sep Average, Thailand, THA
186.4, 2008, Oct Average, Thailand, THA
93.6, 2008, Nov Average, Thailand, THA
21.1, 2008, Dec Average, Thailand, THA
15.3, 2009, Jan Average, Thailand, THA
5.0, 2009, Feb Average, Thailand, THA
72.7, 2009, Mar Average, Thailand, THA
130.1, 2009, Apr Average, Thailand, THA
237.6, 2009, May Average, Thailand, THA
192.3, 2009, Jun Average, Thailand, THA
223.5, 2009, Jul Average, Thailand, THA
247.4, 2009, Aug Average, Thailand, THA
248.9, 2009, Sep Average, Thailand, THA
140.1, 2009, Oct Average, Thailand, THA
53.2, 2009, Nov Average, Thailand, THA
21.3, 2009, Dec Average, Thailand, THA
28.7, 2010, Jan Average, Thailand, THA
10.6, 2010, Feb Average, Thailand, THA
20.5, 2010, Mar Average, Thailand, THA
52.1, 2010, Apr Average, Thailand, THA
118.5, 2010, May Average, Thailand, THA
216.1, 2010, Jun Average, Thailand, THA
232.7, 2010, Jul Average, Thailand, THA
334.7, 2010, Aug Average, Thailand, THA
240.0, 2010, Sep Average, Thailand, THA
207.4, 2010, Oct Average, Thailand, THA
60.7, 2010, Nov Average, Thailand, THA
52.2, 2010, Dec Average, Thailand, THA
25.1, 2011, Jan Average, Thailand, THA
15.1, 2011, Feb Average, Thailand, THA
78.6, 2011, Mar Average, Thailand, THA
129.6, 2011, Apr Average, Thailand, THA
225.5, 2011, May Average, Thailand, THA
235.3, 2011, Jun Average, Thailand, THA
310.4, 2011, Jul Average, Thailand, THA
324.1, 2011, Aug Average, Thailand, THA
288.1, 2011, Sep Average, Thailand, THA
194.3, 2011, Oct Average, Thailand, THA
62.3, 2011, Nov Average, Thailand, THA
38.0, 2011, Dec Average, Thailand, THA
41.5, 2012, Jan Average, Thailand, THA
16.6, 2012, Feb Average, Thailand, THA
44.8, 2012, Mar Average, Thailand, THA
101.2, 2012, Apr Average, Thailand, THA
197.6, 2012, May Average, Thailand, THA
149.9, 2012, Jun Average, Thailand, THA
194.3, 2012, Jul Average, Thailand, THA
193.1, 2012, Aug Average, Thailand, THA
278.5, 2012, Sep Average, Thailand, THA
112.1, 2012, Oct Average, Thailand, THA
118.5, 2012, Nov Average, Thailand, THA
40.1, 2012, Dec Average, Thailand, THA
28.1, 2013, Jan Average, Thailand, THA
16.3, 2013, Feb Average, Thailand, THA
40.4, 2013, Mar Average, Thailand, THA
75.4, 2013, Apr Average, Thailand, THA
147.8, 2013, May Average, Thailand, THA
207.6, 2013, Jun Average, Thailand, THA
277.4, 2013, Jul Average, Thailand, THA
270.2, 2013, Aug Average, Thailand, THA
318.5, 2013, Sep Average, Thailand, THA
198.2, 2013, Oct Average, Thailand, THA
85.5, 2013, Nov Average, Thailand, THA
28.9, 2013, Dec Average, Thailand, THA
7.1, 2014, Jan Average, Thailand, THA
2.6, 2014, Feb Average, Thailand, THA
30.3, 2014, Mar Average, Thailand, THA
82.0, 2014, Apr Average, Thailand, THA
153.6, 2014, May Average, Thailand, THA
194.2, 2014, Jun Average, Thailand, THA
204.1, 2014, Jul Average, Thailand, THA
285.5, 2014, Aug Average, Thailand, THA
206.7, 2014, Sep Average, Thailand, THA
136.1, 2014, Oct Average, Thailand, THA
77.9, 2014, Nov Average, Thailand, THA
43.7, 2014, Dec Average, Thailand, THA
18.1, 2015, Jan Average, Thailand, THA
16.3, 2015, Feb Average, Thailand, THA
42.0, 2015, Mar Average, Thailand, THA
81.4, 2015, Apr Average, Thailand, THA
89.7, 2015, May Average, Thailand, THA
139.2, 2015, Jun Average, Thailand, THA
201.0, 2015, Jul Average, Thailand, THA
251.5, 2015, Aug Average, Thailand, THA
252.8, 2015, Sep Average, Thailand, THA
142.8, 2015, Oct Average, Thailand, THA
86.9, 2015, Nov Average, Thailand, THA
42.5, 2015, Dec Average, Thailand, THA
36.8, 2016, Jan Average, Thailand, THA
9.1, 2016, Feb Average, Thailand, THA
16.9, 2016, Mar Average, Thailand, THA
32.9, 2016, Apr Average, Thailand, THA
180.6, 2016, May Average, Thailand, THA
179.7, 2016, Jun Average, Thailand, THA
204.7, 2016, Jul Average, Thailand, THA
217.8, 2016, Aug Average, Thailand, THA
289.2, 2016, Sep Average, Thailand, THA
196.6, 2016, Oct Average, Thailand, THA
130.2, 2016, Nov Average, Thailand, THA
49.2, 2016, Dec Average, Thailand, THA
55.8, 2017, Jan Average, Thailand, THA
15.6, 2017, Feb Average, Thailand, THA
65.1, 2017, Mar Average, Thailand, THA
107.9, 2017, Apr Average, Thailand, THA
309.8, 2017, May Average, Thailand, THA
251.4, 2017, Jun Average, Thailand, THA
264.6, 2017, Jul Average, Thailand, THA
272.6, 2017, Aug Average, Thailand, THA
256.5, 2017, Sep Average, Thailand, THA
187.7, 2017, Oct Average, Thailand, THA
75.9, 2017, Nov Average, Thailand, THA
53.4, 2017, Dec Average, Thailand, THA
22.5, 2018, Jan Average, Thailand, THA
24.2, 2018, Feb Average, Thailand, THA
42.8, 2018, Mar Average, Thailand, THA
139.6, 2018, Apr Average, Thailand, THA
187.8, 2018, May Average, Thailand, THA
207.5, 2018, Jun Average, Thailand, THA
211.1, 2018, Jul Average, Thailand, THA
248.6, 2018, Aug Average, Thailand, THA
184.6, 2018, Sep Average, Thailand, THA
141.8, 2018, Oct Average, Thailand, THA
57.1, 2018, Nov Average, Thailand, THA
47.6, 2018, Dec Average, Thailand, THA
30.7, 2019, Jan Average, Thailand, THA
16.8, 2019, Feb Average, Thailand, THA
19.7, 2019, Mar Average, Thailand, THA
44.1, 2019, Apr Average, Thailand, THA
164.4, 2019, May Average, Thailand, THA
169.3, 2019, Jun Average, Thailand, THA
149.8, 2019, Jul Average, Thailand, THA
263.5, 2019, Aug Average, Thailand, THA
244.1, 2019, Sep Average, Thailand, THA
90.3, 2019, Oct Average, Thailand, THA
49.5, 2019, Nov Average, Thailand, THA
15.1, 2019, Dec Average, Thailand, THA
7.3, 2020, Jan Average, Thailand, THA
9.1, 2020, Feb Average, Thailand, THA
34.6, 2020, Mar Average, Thailand, THA
82.9, 2020, Apr Average, Thailand, THA
122.0, 2020, May Average, Thailand, THA
214.1, 2020, Jun Average, Thailand, THA
174.2, 2020, Jul Average, Thailand, THA
273.8, 2020, Aug Average, Thailand, THA
256.9, 2020, Sep Average, Thailand, THA
211.5, 2020, Oct Average, Thailand, THA
60.4, 2020, Nov Average, Thailand, THA
41.4, 2020, Dec Average, Thailand, THA
