Temperature - (Celsius), Year, Statistics, Country, ISO3
23.9, 1901, Jan Average, Thailand, THA
25.6, 1901, Feb Average, Thailand, THA
27.6, 1901, Mar Average, Thailand, THA
29.4, 1901, Apr Average, Thailand, THA
28.2, 1901, May Average, Thailand, THA
28.0, 1901, Jun Average, Thailand, THA
27.4, 1901, Jul Average, Thailand, THA
27.1, 1901, Aug Average, Thailand, THA
26.7, 1901, Sep Average, Thailand, THA
26.4, 1901, Oct Average, Thailand, THA
24.9, 1901, Nov Average, Thailand, THA
23.0, 1901, Dec Average, Thailand, THA
22.7, 1902, Jan Average, Thailand, THA
23.2, 1902, Feb Average, Thailand, THA
27.7, 1902, Mar Average, Thailand, THA
29.2, 1902, Apr Average, Thailand, THA
28.4, 1902, May Average, Thailand, THA
28.4, 1902, Jun Average, Thailand, THA
27.8, 1902, Jul Average, Thailand, THA
27.3, 1902, Aug Average, Thailand, THA
26.7, 1902, Sep Average, Thailand, THA
26.7, 1902, Oct Average, Thailand, THA
25.0, 1902, Nov Average, Thailand, THA
24.1, 1902, Dec Average, Thailand, THA
23.4, 1903, Jan Average, Thailand, THA
24.9, 1903, Feb Average, Thailand, THA
28.0, 1903, Mar Average, Thailand, THA
29.9, 1903, Apr Average, Thailand, THA
29.1, 1903, May Average, Thailand, THA
27.3, 1903, Jun Average, Thailand, THA
27.4, 1903, Jul Average, Thailand, THA
26.8, 1903, Aug Average, Thailand, THA
26.4, 1903, Sep Average, Thailand, THA
26.1, 1903, Oct Average, Thailand, THA
23.7, 1903, Nov Average, Thailand, THA
20.4, 1903, Dec Average, Thailand, THA
21.4, 1904, Jan Average, Thailand, THA
23.7, 1904, Feb Average, Thailand, THA
27.3, 1904, Mar Average, Thailand, THA
28.2, 1904, Apr Average, Thailand, THA
28.3, 1904, May Average, Thailand, THA
27.6, 1904, Jun Average, Thailand, THA
27.4, 1904, Jul Average, Thailand, THA
27.5, 1904, Aug Average, Thailand, THA
27.2, 1904, Sep Average, Thailand, THA
26.8, 1904, Oct Average, Thailand, THA
24.1, 1904, Nov Average, Thailand, THA
22.1, 1904, Dec Average, Thailand, THA
23.5, 1905, Jan Average, Thailand, THA
26.4, 1905, Feb Average, Thailand, THA
27.8, 1905, Mar Average, Thailand, THA
29.5, 1905, Apr Average, Thailand, THA
28.5, 1905, May Average, Thailand, THA
27.7, 1905, Jun Average, Thailand, THA
27.8, 1905, Jul Average, Thailand, THA
27.9, 1905, Aug Average, Thailand, THA
27.4, 1905, Sep Average, Thailand, THA
27.0, 1905, Oct Average, Thailand, THA
25.4, 1905, Nov Average, Thailand, THA
25.7, 1905, Dec Average, Thailand, THA
25.0, 1906, Jan Average, Thailand, THA
26.7, 1906, Feb Average, Thailand, THA
27.8, 1906, Mar Average, Thailand, THA
30.3, 1906, Apr Average, Thailand, THA
29.8, 1906, May Average, Thailand, THA
28.2, 1906, Jun Average, Thailand, THA
27.9, 1906, Jul Average, Thailand, THA
27.8, 1906, Aug Average, Thailand, THA
27.7, 1906, Sep Average, Thailand, THA
26.4, 1906, Oct Average, Thailand, THA
24.2, 1906, Nov Average, Thailand, THA
23.3, 1906, Dec Average, Thailand, THA
23.2, 1907, Jan Average, Thailand, THA
25.4, 1907, Feb Average, Thailand, THA
26.8, 1907, Mar Average, Thailand, THA
28.9, 1907, Apr Average, Thailand, THA
27.8, 1907, May Average, Thailand, THA
27.7, 1907, Jun Average, Thailand, THA
27.4, 1907, Jul Average, Thailand, THA
27.0, 1907, Aug Average, Thailand, THA
27.1, 1907, Sep Average, Thailand, THA
26.4, 1907, Oct Average, Thailand, THA
24.9, 1907, Nov Average, Thailand, THA
21.4, 1907, Dec Average, Thailand, THA
23.1, 1908, Jan Average, Thailand, THA
24.9, 1908, Feb Average, Thailand, THA
27.4, 1908, Mar Average, Thailand, THA
29.3, 1908, Apr Average, Thailand, THA
28.1, 1908, May Average, Thailand, THA
27.6, 1908, Jun Average, Thailand, THA
27.4, 1908, Jul Average, Thailand, THA
27.0, 1908, Aug Average, Thailand, THA
26.9, 1908, Sep Average, Thailand, THA
26.5, 1908, Oct Average, Thailand, THA
23.6, 1908, Nov Average, Thailand, THA
22.8, 1908, Dec Average, Thailand, THA
23.3, 1909, Jan Average, Thailand, THA
25.4, 1909, Feb Average, Thailand, THA
27.5, 1909, Mar Average, Thailand, THA
29.0, 1909, Apr Average, Thailand, THA
28.1, 1909, May Average, Thailand, THA
27.7, 1909, Jun Average, Thailand, THA
27.2, 1909, Jul Average, Thailand, THA
27.3, 1909, Aug Average, Thailand, THA
27.1, 1909, Sep Average, Thailand, THA
26.8, 1909, Oct Average, Thailand, THA
23.9, 1909, Nov Average, Thailand, THA
22.0, 1909, Dec Average, Thailand, THA
23.6, 1910, Jan Average, Thailand, THA
24.4, 1910, Feb Average, Thailand, THA
26.5, 1910, Mar Average, Thailand, THA
28.6, 1910, Apr Average, Thailand, THA
28.3, 1910, May Average, Thailand, THA
27.7, 1910, Jun Average, Thailand, THA
27.6, 1910, Jul Average, Thailand, THA
27.4, 1910, Aug Average, Thailand, THA
26.4, 1910, Sep Average, Thailand, THA
26.3, 1910, Oct Average, Thailand, THA
24.6, 1910, Nov Average, Thailand, THA
21.7, 1910, Dec Average, Thailand, THA
22.7, 1911, Jan Average, Thailand, THA
24.6, 1911, Feb Average, Thailand, THA
27.1, 1911, Mar Average, Thailand, THA
28.9, 1911, Apr Average, Thailand, THA
28.4, 1911, May Average, Thailand, THA
27.8, 1911, Jun Average, Thailand, THA
27.5, 1911, Jul Average, Thailand, THA
27.7, 1911, Aug Average, Thailand, THA
27.3, 1911, Sep Average, Thailand, THA
26.7, 1911, Oct Average, Thailand, THA
26.2, 1911, Nov Average, Thailand, THA
24.2, 1911, Dec Average, Thailand, THA
23.3, 1912, Jan Average, Thailand, THA
25.4, 1912, Feb Average, Thailand, THA
28.1, 1912, Mar Average, Thailand, THA
29.3, 1912, Apr Average, Thailand, THA
29.3, 1912, May Average, Thailand, THA
28.2, 1912, Jun Average, Thailand, THA
27.2, 1912, Jul Average, Thailand, THA
26.7, 1912, Aug Average, Thailand, THA
26.8, 1912, Sep Average, Thailand, THA
26.1, 1912, Oct Average, Thailand, THA
23.5, 1912, Nov Average, Thailand, THA
22.7, 1912, Dec Average, Thailand, THA
22.8, 1913, Jan Average, Thailand, THA
25.5, 1913, Feb Average, Thailand, THA
27.4, 1913, Mar Average, Thailand, THA
29.4, 1913, Apr Average, Thailand, THA
27.9, 1913, May Average, Thailand, THA
27.5, 1913, Jun Average, Thailand, THA
26.7, 1913, Jul Average, Thailand, THA
26.9, 1913, Aug Average, Thailand, THA
26.8, 1913, Sep Average, Thailand, THA
26.2, 1913, Oct Average, Thailand, THA
24.0, 1913, Nov Average, Thailand, THA
22.6, 1913, Dec Average, Thailand, THA
22.0, 1914, Jan Average, Thailand, THA
25.5, 1914, Feb Average, Thailand, THA
27.4, 1914, Mar Average, Thailand, THA
29.1, 1914, Apr Average, Thailand, THA
29.1, 1914, May Average, Thailand, THA
27.5, 1914, Jun Average, Thailand, THA
27.0, 1914, Jul Average, Thailand, THA
26.7, 1914, Aug Average, Thailand, THA
26.8, 1914, Sep Average, Thailand, THA
26.1, 1914, Oct Average, Thailand, THA
25.0, 1914, Nov Average, Thailand, THA
23.5, 1914, Dec Average, Thailand, THA
23.2, 1915, Jan Average, Thailand, THA
26.2, 1915, Feb Average, Thailand, THA
27.7, 1915, Mar Average, Thailand, THA
29.0, 1915, Apr Average, Thailand, THA
28.1, 1915, May Average, Thailand, THA
27.8, 1915, Jun Average, Thailand, THA
27.3, 1915, Jul Average, Thailand, THA
27.3, 1915, Aug Average, Thailand, THA
26.7, 1915, Sep Average, Thailand, THA
26.1, 1915, Oct Average, Thailand, THA
23.8, 1915, Nov Average, Thailand, THA
20.7, 1915, Dec Average, Thailand, THA
21.7, 1916, Jan Average, Thailand, THA
24.8, 1916, Feb Average, Thailand, THA
27.6, 1916, Mar Average, Thailand, THA
29.1, 1916, Apr Average, Thailand, THA
28.3, 1916, May Average, Thailand, THA
27.3, 1916, Jun Average, Thailand, THA
27.4, 1916, Jul Average, Thailand, THA
27.0, 1916, Aug Average, Thailand, THA
26.7, 1916, Sep Average, Thailand, THA
25.9, 1916, Oct Average, Thailand, THA
23.5, 1916, Nov Average, Thailand, THA
21.7, 1916, Dec Average, Thailand, THA
22.6, 1917, Jan Average, Thailand, THA
24.8, 1917, Feb Average, Thailand, THA
26.7, 1917, Mar Average, Thailand, THA
29.1, 1917, Apr Average, Thailand, THA
28.4, 1917, May Average, Thailand, THA
27.2, 1917, Jun Average, Thailand, THA
27.1, 1917, Jul Average, Thailand, THA
26.6, 1917, Aug Average, Thailand, THA
26.4, 1917, Sep Average, Thailand, THA
25.6, 1917, Oct Average, Thailand, THA
24.1, 1917, Nov Average, Thailand, THA
21.8, 1917, Dec Average, Thailand, THA
23.0, 1918, Jan Average, Thailand, THA
23.7, 1918, Feb Average, Thailand, THA
26.8, 1918, Mar Average, Thailand, THA
28.2, 1918, Apr Average, Thailand, THA
27.5, 1918, May Average, Thailand, THA
27.5, 1918, Jun Average, Thailand, THA
27.8, 1918, Jul Average, Thailand, THA
27.1, 1918, Aug Average, Thailand, THA
27.3, 1918, Sep Average, Thailand, THA
26.5, 1918, Oct Average, Thailand, THA
25.4, 1918, Nov Average, Thailand, THA
24.0, 1918, Dec Average, Thailand, THA
23.9, 1919, Jan Average, Thailand, THA
25.6, 1919, Feb Average, Thailand, THA
28.1, 1919, Mar Average, Thailand, THA
29.2, 1919, Apr Average, Thailand, THA
28.7, 1919, May Average, Thailand, THA
27.4, 1919, Jun Average, Thailand, THA
27.2, 1919, Jul Average, Thailand, THA
27.2, 1919, Aug Average, Thailand, THA
26.7, 1919, Sep Average, Thailand, THA
26.3, 1919, Oct Average, Thailand, THA
24.5, 1919, Nov Average, Thailand, THA
23.2, 1919, Dec Average, Thailand, THA
22.2, 1920, Jan Average, Thailand, THA
25.0, 1920, Feb Average, Thailand, THA
27.7, 1920, Mar Average, Thailand, THA
28.8, 1920, Apr Average, Thailand, THA
28.5, 1920, May Average, Thailand, THA
27.7, 1920, Jun Average, Thailand, THA
27.3, 1920, Jul Average, Thailand, THA
27.3, 1920, Aug Average, Thailand, THA
26.9, 1920, Sep Average, Thailand, THA
25.9, 1920, Oct Average, Thailand, THA
25.0, 1920, Nov Average, Thailand, THA
23.1, 1920, Dec Average, Thailand, THA
23.1, 1921, Jan Average, Thailand, THA
24.5, 1921, Feb Average, Thailand, THA
27.5, 1921, Mar Average, Thailand, THA
29.1, 1921, Apr Average, Thailand, THA
28.0, 1921, May Average, Thailand, THA
27.7, 1921, Jun Average, Thailand, THA
26.7, 1921, Jul Average, Thailand, THA
27.0, 1921, Aug Average, Thailand, THA
26.4, 1921, Sep Average, Thailand, THA
25.9, 1921, Oct Average, Thailand, THA
23.8, 1921, Nov Average, Thailand, THA
22.8, 1921, Dec Average, Thailand, THA
23.7, 1922, Jan Average, Thailand, THA
25.8, 1922, Feb Average, Thailand, THA
26.9, 1922, Mar Average, Thailand, THA
28.8, 1922, Apr Average, Thailand, THA
28.8, 1922, May Average, Thailand, THA
27.8, 1922, Jun Average, Thailand, THA
26.8, 1922, Jul Average, Thailand, THA
27.0, 1922, Aug Average, Thailand, THA
27.0, 1922, Sep Average, Thailand, THA
26.2, 1922, Oct Average, Thailand, THA
24.0, 1922, Nov Average, Thailand, THA
22.3, 1922, Dec Average, Thailand, THA
23.3, 1923, Jan Average, Thailand, THA
24.2, 1923, Feb Average, Thailand, THA
27.4, 1923, Mar Average, Thailand, THA
28.3, 1923, Apr Average, Thailand, THA
27.7, 1923, May Average, Thailand, THA
27.4, 1923, Jun Average, Thailand, THA
26.5, 1923, Jul Average, Thailand, THA
26.5, 1923, Aug Average, Thailand, THA
26.7, 1923, Sep Average, Thailand, THA
26.1, 1923, Oct Average, Thailand, THA
25.2, 1923, Nov Average, Thailand, THA
23.5, 1923, Dec Average, Thailand, THA
23.8, 1924, Jan Average, Thailand, THA
25.2, 1924, Feb Average, Thailand, THA
27.8, 1924, Mar Average, Thailand, THA
28.7, 1924, Apr Average, Thailand, THA
28.6, 1924, May Average, Thailand, THA
27.6, 1924, Jun Average, Thailand, THA
26.5, 1924, Jul Average, Thailand, THA
27.0, 1924, Aug Average, Thailand, THA
26.8, 1924, Sep Average, Thailand, THA
25.7, 1924, Oct Average, Thailand, THA
25.3, 1924, Nov Average, Thailand, THA
21.7, 1924, Dec Average, Thailand, THA
22.9, 1925, Jan Average, Thailand, THA
24.1, 1925, Feb Average, Thailand, THA
27.5, 1925, Mar Average, Thailand, THA
27.7, 1925, Apr Average, Thailand, THA
28.2, 1925, May Average, Thailand, THA
27.6, 1925, Jun Average, Thailand, THA
27.3, 1925, Jul Average, Thailand, THA
27.1, 1925, Aug Average, Thailand, THA
27.0, 1925, Sep Average, Thailand, THA
25.8, 1925, Oct Average, Thailand, THA
24.9, 1925, Nov Average, Thailand, THA
22.0, 1925, Dec Average, Thailand, THA
23.7, 1926, Jan Average, Thailand, THA
25.2, 1926, Feb Average, Thailand, THA
27.3, 1926, Mar Average, Thailand, THA
29.4, 1926, Apr Average, Thailand, THA
29.2, 1926, May Average, Thailand, THA
27.8, 1926, Jun Average, Thailand, THA
27.4, 1926, Jul Average, Thailand, THA
26.9, 1926, Aug Average, Thailand, THA
27.1, 1926, Sep Average, Thailand, THA
25.9, 1926, Oct Average, Thailand, THA
24.8, 1926, Nov Average, Thailand, THA
23.3, 1926, Dec Average, Thailand, THA
23.3, 1927, Jan Average, Thailand, THA
25.1, 1927, Feb Average, Thailand, THA
27.4, 1927, Mar Average, Thailand, THA
28.2, 1927, Apr Average, Thailand, THA
27.7, 1927, May Average, Thailand, THA
27.7, 1927, Jun Average, Thailand, THA
27.2, 1927, Jul Average, Thailand, THA
27.0, 1927, Aug Average, Thailand, THA
26.7, 1927, Sep Average, Thailand, THA
26.0, 1927, Oct Average, Thailand, THA
24.9, 1927, Nov Average, Thailand, THA
23.3, 1927, Dec Average, Thailand, THA
24.8, 1928, Jan Average, Thailand, THA
24.9, 1928, Feb Average, Thailand, THA
27.6, 1928, Mar Average, Thailand, THA
28.7, 1928, Apr Average, Thailand, THA
28.3, 1928, May Average, Thailand, THA
27.2, 1928, Jun Average, Thailand, THA
27.2, 1928, Jul Average, Thailand, THA
27.1, 1928, Aug Average, Thailand, THA
26.9, 1928, Sep Average, Thailand, THA
25.4, 1928, Oct Average, Thailand, THA
24.2, 1928, Nov Average, Thailand, THA
23.6, 1928, Dec Average, Thailand, THA
24.2, 1929, Jan Average, Thailand, THA
25.1, 1929, Feb Average, Thailand, THA
26.8, 1929, Mar Average, Thailand, THA
28.4, 1929, Apr Average, Thailand, THA
28.5, 1929, May Average, Thailand, THA
27.4, 1929, Jun Average, Thailand, THA
27.0, 1929, Jul Average, Thailand, THA
27.0, 1929, Aug Average, Thailand, THA
26.9, 1929, Sep Average, Thailand, THA
26.2, 1929, Oct Average, Thailand, THA
24.4, 1929, Nov Average, Thailand, THA
24.0, 1929, Dec Average, Thailand, THA
23.1, 1930, Jan Average, Thailand, THA
25.0, 1930, Feb Average, Thailand, THA
26.7, 1930, Mar Average, Thailand, THA
28.8, 1930, Apr Average, Thailand, THA
28.2, 1930, May Average, Thailand, THA
27.7, 1930, Jun Average, Thailand, THA
27.2, 1930, Jul Average, Thailand, THA
26.9, 1930, Aug Average, Thailand, THA
27.1, 1930, Sep Average, Thailand, THA
26.4, 1930, Oct Average, Thailand, THA
25.0, 1930, Nov Average, Thailand, THA
23.6, 1930, Dec Average, Thailand, THA
23.9, 1931, Jan Average, Thailand, THA
25.3, 1931, Feb Average, Thailand, THA
27.9, 1931, Mar Average, Thailand, THA
29.9, 1931, Apr Average, Thailand, THA
29.3, 1931, May Average, Thailand, THA
28.5, 1931, Jun Average, Thailand, THA
27.6, 1931, Jul Average, Thailand, THA
27.4, 1931, Aug Average, Thailand, THA
26.8, 1931, Sep Average, Thailand, THA
25.6, 1931, Oct Average, Thailand, THA
24.1, 1931, Nov Average, Thailand, THA
23.2, 1931, Dec Average, Thailand, THA
22.6, 1932, Jan Average, Thailand, THA
24.8, 1932, Feb Average, Thailand, THA
27.1, 1932, Mar Average, Thailand, THA
29.1, 1932, Apr Average, Thailand, THA
29.4, 1932, May Average, Thailand, THA
28.1, 1932, Jun Average, Thailand, THA
27.3, 1932, Jul Average, Thailand, THA
27.7, 1932, Aug Average, Thailand, THA
26.9, 1932, Sep Average, Thailand, THA
26.2, 1932, Oct Average, Thailand, THA
25.5, 1932, Nov Average, Thailand, THA
22.3, 1932, Dec Average, Thailand, THA
23.6, 1933, Jan Average, Thailand, THA
25.6, 1933, Feb Average, Thailand, THA
27.6, 1933, Mar Average, Thailand, THA
29.2, 1933, Apr Average, Thailand, THA
28.6, 1933, May Average, Thailand, THA
27.8, 1933, Jun Average, Thailand, THA
27.2, 1933, Jul Average, Thailand, THA
27.4, 1933, Aug Average, Thailand, THA
27.1, 1933, Sep Average, Thailand, THA
26.5, 1933, Oct Average, Thailand, THA
24.1, 1933, Nov Average, Thailand, THA
23.0, 1933, Dec Average, Thailand, THA
22.9, 1934, Jan Average, Thailand, THA
24.7, 1934, Feb Average, Thailand, THA
27.2, 1934, Mar Average, Thailand, THA
28.7, 1934, Apr Average, Thailand, THA
29.2, 1934, May Average, Thailand, THA
27.9, 1934, Jun Average, Thailand, THA
27.2, 1934, Jul Average, Thailand, THA
27.1, 1934, Aug Average, Thailand, THA
27.2, 1934, Sep Average, Thailand, THA
26.1, 1934, Oct Average, Thailand, THA
24.9, 1934, Nov Average, Thailand, THA
21.6, 1934, Dec Average, Thailand, THA
24.0, 1935, Jan Average, Thailand, THA
25.8, 1935, Feb Average, Thailand, THA
28.0, 1935, Mar Average, Thailand, THA
29.1, 1935, Apr Average, Thailand, THA
28.7, 1935, May Average, Thailand, THA
27.8, 1935, Jun Average, Thailand, THA
27.2, 1935, Jul Average, Thailand, THA
27.0, 1935, Aug Average, Thailand, THA
26.9, 1935, Sep Average, Thailand, THA
27.0, 1935, Oct Average, Thailand, THA
25.5, 1935, Nov Average, Thailand, THA
23.7, 1935, Dec Average, Thailand, THA
22.7, 1936, Jan Average, Thailand, THA
24.7, 1936, Feb Average, Thailand, THA
27.0, 1936, Mar Average, Thailand, THA
29.2, 1936, Apr Average, Thailand, THA
28.8, 1936, May Average, Thailand, THA
27.5, 1936, Jun Average, Thailand, THA
27.2, 1936, Jul Average, Thailand, THA
27.1, 1936, Aug Average, Thailand, THA
26.8, 1936, Sep Average, Thailand, THA
25.6, 1936, Oct Average, Thailand, THA
25.1, 1936, Nov Average, Thailand, THA
24.6, 1936, Dec Average, Thailand, THA
23.8, 1937, Jan Average, Thailand, THA
25.8, 1937, Feb Average, Thailand, THA
28.0, 1937, Mar Average, Thailand, THA
29.5, 1937, Apr Average, Thailand, THA
27.7, 1937, May Average, Thailand, THA
27.5, 1937, Jun Average, Thailand, THA
26.8, 1937, Jul Average, Thailand, THA
26.9, 1937, Aug Average, Thailand, THA
26.6, 1937, Sep Average, Thailand, THA
26.0, 1937, Oct Average, Thailand, THA
25.4, 1937, Nov Average, Thailand, THA
23.6, 1937, Dec Average, Thailand, THA
23.7, 1938, Jan Average, Thailand, THA
25.2, 1938, Feb Average, Thailand, THA
27.0, 1938, Mar Average, Thailand, THA
28.5, 1938, Apr Average, Thailand, THA
27.4, 1938, May Average, Thailand, THA
26.9, 1938, Jun Average, Thailand, THA
26.3, 1938, Jul Average, Thailand, THA
27.0, 1938, Aug Average, Thailand, THA
26.6, 1938, Sep Average, Thailand, THA
26.0, 1938, Oct Average, Thailand, THA
23.6, 1938, Nov Average, Thailand, THA
23.2, 1938, Dec Average, Thailand, THA
23.4, 1939, Jan Average, Thailand, THA
25.0, 1939, Feb Average, Thailand, THA
26.9, 1939, Mar Average, Thailand, THA
28.5, 1939, Apr Average, Thailand, THA
28.0, 1939, May Average, Thailand, THA
27.2, 1939, Jun Average, Thailand, THA
27.0, 1939, Jul Average, Thailand, THA
26.9, 1939, Aug Average, Thailand, THA
26.6, 1939, Sep Average, Thailand, THA
26.2, 1939, Oct Average, Thailand, THA
25.3, 1939, Nov Average, Thailand, THA
20.0, 1939, Dec Average, Thailand, THA
21.0, 1940, Jan Average, Thailand, THA
24.9, 1940, Feb Average, Thailand, THA
27.0, 1940, Mar Average, Thailand, THA
29.6, 1940, Apr Average, Thailand, THA
28.6, 1940, May Average, Thailand, THA
27.8, 1940, Jun Average, Thailand, THA
27.2, 1940, Jul Average, Thailand, THA
26.8, 1940, Aug Average, Thailand, THA
27.2, 1940, Sep Average, Thailand, THA
26.9, 1940, Oct Average, Thailand, THA
25.3, 1940, Nov Average, Thailand, THA
23.7, 1940, Dec Average, Thailand, THA
25.6, 1941, Jan Average, Thailand, THA
26.1, 1941, Feb Average, Thailand, THA
28.3, 1941, Mar Average, Thailand, THA
30.0, 1941, Apr Average, Thailand, THA
28.9, 1941, May Average, Thailand, THA
28.0, 1941, Jun Average, Thailand, THA
27.7, 1941, Jul Average, Thailand, THA
27.3, 1941, Aug Average, Thailand, THA
27.4, 1941, Sep Average, Thailand, THA
26.6, 1941, Oct Average, Thailand, THA
25.5, 1941, Nov Average, Thailand, THA
24.4, 1941, Dec Average, Thailand, THA
23.3, 1942, Jan Average, Thailand, THA
26.0, 1942, Feb Average, Thailand, THA
28.0, 1942, Mar Average, Thailand, THA
28.9, 1942, Apr Average, Thailand, THA
28.1, 1942, May Average, Thailand, THA
27.6, 1942, Jun Average, Thailand, THA
27.1, 1942, Jul Average, Thailand, THA
26.8, 1942, Aug Average, Thailand, THA
26.8, 1942, Sep Average, Thailand, THA
26.3, 1942, Oct Average, Thailand, THA
24.9, 1942, Nov Average, Thailand, THA
23.1, 1942, Dec Average, Thailand, THA
22.3, 1943, Jan Average, Thailand, THA
24.6, 1943, Feb Average, Thailand, THA
27.5, 1943, Mar Average, Thailand, THA
27.9, 1943, Apr Average, Thailand, THA
28.3, 1943, May Average, Thailand, THA
27.3, 1943, Jun Average, Thailand, THA
27.0, 1943, Jul Average, Thailand, THA
26.8, 1943, Aug Average, Thailand, THA
26.6, 1943, Sep Average, Thailand, THA
26.3, 1943, Oct Average, Thailand, THA
24.3, 1943, Nov Average, Thailand, THA
22.4, 1943, Dec Average, Thailand, THA
23.9, 1944, Jan Average, Thailand, THA
25.8, 1944, Feb Average, Thailand, THA
27.7, 1944, Mar Average, Thailand, THA
29.4, 1944, Apr Average, Thailand, THA
28.1, 1944, May Average, Thailand, THA
27.4, 1944, Jun Average, Thailand, THA
27.0, 1944, Jul Average, Thailand, THA
26.9, 1944, Aug Average, Thailand, THA
27.1, 1944, Sep Average, Thailand, THA
26.5, 1944, Oct Average, Thailand, THA
24.7, 1944, Nov Average, Thailand, THA
21.8, 1944, Dec Average, Thailand, THA
23.4, 1945, Jan Average, Thailand, THA
25.7, 1945, Feb Average, Thailand, THA
26.9, 1945, Mar Average, Thailand, THA
28.6, 1945, Apr Average, Thailand, THA
28.0, 1945, May Average, Thailand, THA
27.4, 1945, Jun Average, Thailand, THA
27.4, 1945, Jul Average, Thailand, THA
27.2, 1945, Aug Average, Thailand, THA
26.8, 1945, Sep Average, Thailand, THA
25.7, 1945, Oct Average, Thailand, THA
25.5, 1945, Nov Average, Thailand, THA
23.5, 1945, Dec Average, Thailand, THA
22.8, 1946, Jan Average, Thailand, THA
25.1, 1946, Feb Average, Thailand, THA
28.3, 1946, Mar Average, Thailand, THA
28.6, 1946, Apr Average, Thailand, THA
28.0, 1946, May Average, Thailand, THA
28.0, 1946, Jun Average, Thailand, THA
27.4, 1946, Jul Average, Thailand, THA
27.1, 1946, Aug Average, Thailand, THA
26.9, 1946, Sep Average, Thailand, THA
26.1, 1946, Oct Average, Thailand, THA
25.1, 1946, Nov Average, Thailand, THA
24.9, 1946, Dec Average, Thailand, THA
25.6, 1947, Jan Average, Thailand, THA
25.8, 1947, Feb Average, Thailand, THA
27.8, 1947, Mar Average, Thailand, THA
28.4, 1947, Apr Average, Thailand, THA
29.0, 1947, May Average, Thailand, THA
27.8, 1947, Jun Average, Thailand, THA
27.2, 1947, Jul Average, Thailand, THA
27.2, 1947, Aug Average, Thailand, THA
27.2, 1947, Sep Average, Thailand, THA
26.6, 1947, Oct Average, Thailand, THA
24.5, 1947, Nov Average, Thailand, THA
23.2, 1947, Dec Average, Thailand, THA
22.9, 1948, Jan Average, Thailand, THA
25.9, 1948, Feb Average, Thailand, THA
27.7, 1948, Mar Average, Thailand, THA
28.2, 1948, Apr Average, Thailand, THA
28.0, 1948, May Average, Thailand, THA
27.9, 1948, Jun Average, Thailand, THA
27.1, 1948, Jul Average, Thailand, THA
27.2, 1948, Aug Average, Thailand, THA
26.9, 1948, Sep Average, Thailand, THA
26.2, 1948, Oct Average, Thailand, THA
23.5, 1948, Nov Average, Thailand, THA
23.9, 1948, Dec Average, Thailand, THA
22.3, 1949, Jan Average, Thailand, THA
24.9, 1949, Feb Average, Thailand, THA
27.6, 1949, Mar Average, Thailand, THA
28.2, 1949, Apr Average, Thailand, THA
28.2, 1949, May Average, Thailand, THA
28.1, 1949, Jun Average, Thailand, THA
27.2, 1949, Jul Average, Thailand, THA
27.0, 1949, Aug Average, Thailand, THA
27.0, 1949, Sep Average, Thailand, THA
26.6, 1949, Oct Average, Thailand, THA
24.9, 1949, Nov Average, Thailand, THA
23.7, 1949, Dec Average, Thailand, THA
23.2, 1950, Jan Average, Thailand, THA
24.8, 1950, Feb Average, Thailand, THA
27.4, 1950, Mar Average, Thailand, THA
28.5, 1950, Apr Average, Thailand, THA
28.3, 1950, May Average, Thailand, THA
27.3, 1950, Jun Average, Thailand, THA
27.0, 1950, Jul Average, Thailand, THA
27.3, 1950, Aug Average, Thailand, THA
26.8, 1950, Sep Average, Thailand, THA
26.1, 1950, Oct Average, Thailand, THA
25.1, 1950, Nov Average, Thailand, THA
21.6, 1950, Dec Average, Thailand, THA
22.6, 1951, Jan Average, Thailand, THA
24.7, 1951, Feb Average, Thailand, THA
27.2, 1951, Mar Average, Thailand, THA
29.0, 1951, Apr Average, Thailand, THA
28.2, 1951, May Average, Thailand, THA
27.0, 1951, Jun Average, Thailand, THA
26.9, 1951, Jul Average, Thailand, THA
27.0, 1951, Aug Average, Thailand, THA
27.0, 1951, Sep Average, Thailand, THA
26.3, 1951, Oct Average, Thailand, THA
25.3, 1951, Nov Average, Thailand, THA
23.0, 1951, Dec Average, Thailand, THA
23.4, 1952, Jan Average, Thailand, THA
26.1, 1952, Feb Average, Thailand, THA
27.1, 1952, Mar Average, Thailand, THA
28.5, 1952, Apr Average, Thailand, THA
28.8, 1952, May Average, Thailand, THA
27.5, 1952, Jun Average, Thailand, THA
27.0, 1952, Jul Average, Thailand, THA
26.6, 1952, Aug Average, Thailand, THA
26.6, 1952, Sep Average, Thailand, THA
26.2, 1952, Oct Average, Thailand, THA
24.9, 1952, Nov Average, Thailand, THA
21.6, 1952, Dec Average, Thailand, THA
23.3, 1953, Jan Average, Thailand, THA
24.8, 1953, Feb Average, Thailand, THA
27.0, 1953, Mar Average, Thailand, THA
28.6, 1953, Apr Average, Thailand, THA
28.0, 1953, May Average, Thailand, THA
27.4, 1953, Jun Average, Thailand, THA
27.0, 1953, Jul Average, Thailand, THA
26.9, 1953, Aug Average, Thailand, THA
26.7, 1953, Sep Average, Thailand, THA
26.8, 1953, Oct Average, Thailand, THA
24.8, 1953, Nov Average, Thailand, THA
22.9, 1953, Dec Average, Thailand, THA
24.4, 1954, Jan Average, Thailand, THA
25.1, 1954, Feb Average, Thailand, THA
26.8, 1954, Mar Average, Thailand, THA
29.3, 1954, Apr Average, Thailand, THA
28.0, 1954, May Average, Thailand, THA
27.7, 1954, Jun Average, Thailand, THA
27.3, 1954, Jul Average, Thailand, THA
26.9, 1954, Aug Average, Thailand, THA
26.3, 1954, Sep Average, Thailand, THA
25.8, 1954, Oct Average, Thailand, THA
23.9, 1954, Nov Average, Thailand, THA
22.1, 1954, Dec Average, Thailand, THA
21.4, 1955, Jan Average, Thailand, THA
24.9, 1955, Feb Average, Thailand, THA
27.0, 1955, Mar Average, Thailand, THA
28.0, 1955, Apr Average, Thailand, THA
28.2, 1955, May Average, Thailand, THA
26.8, 1955, Jun Average, Thailand, THA
27.0, 1955, Jul Average, Thailand, THA
26.6, 1955, Aug Average, Thailand, THA
26.7, 1955, Sep Average, Thailand, THA
25.9, 1955, Oct Average, Thailand, THA
23.4, 1955, Nov Average, Thailand, THA
21.4, 1955, Dec Average, Thailand, THA
21.6, 1956, Jan Average, Thailand, THA
25.3, 1956, Feb Average, Thailand, THA
27.5, 1956, Mar Average, Thailand, THA
28.3, 1956, Apr Average, Thailand, THA
27.4, 1956, May Average, Thailand, THA
27.1, 1956, Jun Average, Thailand, THA
26.7, 1956, Jul Average, Thailand, THA
26.5, 1956, Aug Average, Thailand, THA
26.4, 1956, Sep Average, Thailand, THA
25.7, 1956, Oct Average, Thailand, THA
23.2, 1956, Nov Average, Thailand, THA
21.9, 1956, Dec Average, Thailand, THA
22.9, 1957, Jan Average, Thailand, THA
24.4, 1957, Feb Average, Thailand, THA
26.8, 1957, Mar Average, Thailand, THA
28.8, 1957, Apr Average, Thailand, THA
29.5, 1957, May Average, Thailand, THA
27.9, 1957, Jun Average, Thailand, THA
27.2, 1957, Jul Average, Thailand, THA
27.1, 1957, Aug Average, Thailand, THA
26.7, 1957, Sep Average, Thailand, THA
26.0, 1957, Oct Average, Thailand, THA
25.0, 1957, Nov Average, Thailand, THA
23.7, 1957, Dec Average, Thailand, THA
23.7, 1958, Jan Average, Thailand, THA
24.7, 1958, Feb Average, Thailand, THA
28.2, 1958, Mar Average, Thailand, THA
29.6, 1958, Apr Average, Thailand, THA
29.7, 1958, May Average, Thailand, THA
28.0, 1958, Jun Average, Thailand, THA
27.2, 1958, Jul Average, Thailand, THA
26.9, 1958, Aug Average, Thailand, THA
26.7, 1958, Sep Average, Thailand, THA
26.1, 1958, Oct Average, Thailand, THA
23.6, 1958, Nov Average, Thailand, THA
21.8, 1958, Dec Average, Thailand, THA
22.9, 1959, Jan Average, Thailand, THA
25.9, 1959, Feb Average, Thailand, THA
26.5, 1959, Mar Average, Thailand, THA
29.3, 1959, Apr Average, Thailand, THA
28.6, 1959, May Average, Thailand, THA
28.3, 1959, Jun Average, Thailand, THA
26.8, 1959, Jul Average, Thailand, THA
26.9, 1959, Aug Average, Thailand, THA
26.5, 1959, Sep Average, Thailand, THA
26.1, 1959, Oct Average, Thailand, THA
25.2, 1959, Nov Average, Thailand, THA
24.8, 1959, Dec Average, Thailand, THA
23.6, 1960, Jan Average, Thailand, THA
24.8, 1960, Feb Average, Thailand, THA
28.0, 1960, Mar Average, Thailand, THA
29.9, 1960, Apr Average, Thailand, THA
28.8, 1960, May Average, Thailand, THA
27.8, 1960, Jun Average, Thailand, THA
27.2, 1960, Jul Average, Thailand, THA
27.2, 1960, Aug Average, Thailand, THA
26.8, 1960, Sep Average, Thailand, THA
26.1, 1960, Oct Average, Thailand, THA
25.3, 1960, Nov Average, Thailand, THA
22.5, 1960, Dec Average, Thailand, THA
22.5, 1961, Jan Average, Thailand, THA
25.1, 1961, Feb Average, Thailand, THA
27.2, 1961, Mar Average, Thailand, THA
29.1, 1961, Apr Average, Thailand, THA
28.0, 1961, May Average, Thailand, THA
27.4, 1961, Jun Average, Thailand, THA
27.1, 1961, Jul Average, Thailand, THA
26.9, 1961, Aug Average, Thailand, THA
26.5, 1961, Sep Average, Thailand, THA
25.9, 1961, Oct Average, Thailand, THA
25.0, 1961, Nov Average, Thailand, THA
23.4, 1961, Dec Average, Thailand, THA
22.1, 1962, Jan Average, Thailand, THA
24.0, 1962, Feb Average, Thailand, THA
27.2, 1962, Mar Average, Thailand, THA
29.1, 1962, Apr Average, Thailand, THA
28.4, 1962, May Average, Thailand, THA
27.5, 1962, Jun Average, Thailand, THA
27.0, 1962, Jul Average, Thailand, THA
26.7, 1962, Aug Average, Thailand, THA
26.5, 1962, Sep Average, Thailand, THA
26.1, 1962, Oct Average, Thailand, THA
24.8, 1962, Nov Average, Thailand, THA
22.8, 1962, Dec Average, Thailand, THA
20.5, 1963, Jan Average, Thailand, THA
24.4, 1963, Feb Average, Thailand, THA
26.7, 1963, Mar Average, Thailand, THA
28.5, 1963, Apr Average, Thailand, THA
29.4, 1963, May Average, Thailand, THA
27.6, 1963, Jun Average, Thailand, THA
26.7, 1963, Jul Average, Thailand, THA
26.9, 1963, Aug Average, Thailand, THA
26.9, 1963, Sep Average, Thailand, THA
26.1, 1963, Oct Average, Thailand, THA
25.5, 1963, Nov Average, Thailand, THA
22.9, 1963, Dec Average, Thailand, THA
23.5, 1964, Jan Average, Thailand, THA
25.0, 1964, Feb Average, Thailand, THA
27.2, 1964, Mar Average, Thailand, THA
29.2, 1964, Apr Average, Thailand, THA
27.7, 1964, May Average, Thailand, THA
27.6, 1964, Jun Average, Thailand, THA
27.2, 1964, Jul Average, Thailand, THA
26.9, 1964, Aug Average, Thailand, THA
26.7, 1964, Sep Average, Thailand, THA
26.4, 1964, Oct Average, Thailand, THA
23.5, 1964, Nov Average, Thailand, THA
22.0, 1964, Dec Average, Thailand, THA
21.8, 1965, Jan Average, Thailand, THA
25.5, 1965, Feb Average, Thailand, THA
26.7, 1965, Mar Average, Thailand, THA
28.6, 1965, Apr Average, Thailand, THA
28.3, 1965, May Average, Thailand, THA
27.0, 1965, Jun Average, Thailand, THA
27.2, 1965, Jul Average, Thailand, THA
27.0, 1965, Aug Average, Thailand, THA
26.5, 1965, Sep Average, Thailand, THA
26.4, 1965, Oct Average, Thailand, THA
25.1, 1965, Nov Average, Thailand, THA
24.4, 1965, Dec Average, Thailand, THA
24.5, 1966, Jan Average, Thailand, THA
26.1, 1966, Feb Average, Thailand, THA
28.0, 1966, Mar Average, Thailand, THA
29.4, 1966, Apr Average, Thailand, THA
28.0, 1966, May Average, Thailand, THA
27.6, 1966, Jun Average, Thailand, THA
27.3, 1966, Jul Average, Thailand, THA
26.8, 1966, Aug Average, Thailand, THA
26.5, 1966, Sep Average, Thailand, THA
26.5, 1966, Oct Average, Thailand, THA
25.1, 1966, Nov Average, Thailand, THA
24.5, 1966, Dec Average, Thailand, THA
22.6, 1967, Jan Average, Thailand, THA
24.4, 1967, Feb Average, Thailand, THA
27.0, 1967, Mar Average, Thailand, THA
28.4, 1967, Apr Average, Thailand, THA
28.3, 1967, May Average, Thailand, THA
27.9, 1967, Jun Average, Thailand, THA
27.4, 1967, Jul Average, Thailand, THA
27.0, 1967, Aug Average, Thailand, THA
26.7, 1967, Sep Average, Thailand, THA
25.7, 1967, Oct Average, Thailand, THA
24.9, 1967, Nov Average, Thailand, THA
22.2, 1967, Dec Average, Thailand, THA
23.0, 1968, Jan Average, Thailand, THA
24.4, 1968, Feb Average, Thailand, THA
27.3, 1968, Mar Average, Thailand, THA
27.8, 1968, Apr Average, Thailand, THA
28.1, 1968, May Average, Thailand, THA
27.5, 1968, Jun Average, Thailand, THA
27.4, 1968, Jul Average, Thailand, THA
27.2, 1968, Aug Average, Thailand, THA
27.0, 1968, Sep Average, Thailand, THA
26.2, 1968, Oct Average, Thailand, THA
25.7, 1968, Nov Average, Thailand, THA
24.7, 1968, Dec Average, Thailand, THA
24.9, 1969, Jan Average, Thailand, THA
25.6, 1969, Feb Average, Thailand, THA
28.1, 1969, Mar Average, Thailand, THA
29.4, 1969, Apr Average, Thailand, THA
29.1, 1969, May Average, Thailand, THA
27.8, 1969, Jun Average, Thailand, THA
26.9, 1969, Jul Average, Thailand, THA
26.9, 1969, Aug Average, Thailand, THA
26.7, 1969, Sep Average, Thailand, THA
26.6, 1969, Oct Average, Thailand, THA
23.9, 1969, Nov Average, Thailand, THA
22.1, 1969, Dec Average, Thailand, THA
23.6, 1970, Jan Average, Thailand, THA
25.0, 1970, Feb Average, Thailand, THA
27.9, 1970, Mar Average, Thailand, THA
28.3, 1970, Apr Average, Thailand, THA
28.3, 1970, May Average, Thailand, THA
27.3, 1970, Jun Average, Thailand, THA
27.0, 1970, Jul Average, Thailand, THA
26.5, 1970, Aug Average, Thailand, THA
26.8, 1970, Sep Average, Thailand, THA
26.0, 1970, Oct Average, Thailand, THA
24.4, 1970, Nov Average, Thailand, THA
23.9, 1970, Dec Average, Thailand, THA
21.9, 1971, Jan Average, Thailand, THA
24.1, 1971, Feb Average, Thailand, THA
26.6, 1971, Mar Average, Thailand, THA
28.6, 1971, Apr Average, Thailand, THA
28.1, 1971, May Average, Thailand, THA
27.0, 1971, Jun Average, Thailand, THA
26.6, 1971, Jul Average, Thailand, THA
26.5, 1971, Aug Average, Thailand, THA
27.0, 1971, Sep Average, Thailand, THA
25.4, 1971, Oct Average, Thailand, THA
23.0, 1971, Nov Average, Thailand, THA
23.1, 1971, Dec Average, Thailand, THA
22.0, 1972, Jan Average, Thailand, THA
25.3, 1972, Feb Average, Thailand, THA
26.5, 1972, Mar Average, Thailand, THA
27.7, 1972, Apr Average, Thailand, THA
29.5, 1972, May Average, Thailand, THA
27.7, 1972, Jun Average, Thailand, THA
27.6, 1972, Jul Average, Thailand, THA
27.1, 1972, Aug Average, Thailand, THA
27.0, 1972, Sep Average, Thailand, THA
26.9, 1972, Oct Average, Thailand, THA
25.6, 1972, Nov Average, Thailand, THA
23.9, 1972, Dec Average, Thailand, THA
23.5, 1973, Jan Average, Thailand, THA
26.3, 1973, Feb Average, Thailand, THA
27.9, 1973, Mar Average, Thailand, THA
29.8, 1973, Apr Average, Thailand, THA
28.5, 1973, May Average, Thailand, THA
28.1, 1973, Jun Average, Thailand, THA
27.5, 1973, Jul Average, Thailand, THA
27.1, 1973, Aug Average, Thailand, THA
26.8, 1973, Sep Average, Thailand, THA
26.2, 1973, Oct Average, Thailand, THA
23.8, 1973, Nov Average, Thailand, THA
21.5, 1973, Dec Average, Thailand, THA
22.2, 1974, Jan Average, Thailand, THA
24.0, 1974, Feb Average, Thailand, THA
26.4, 1974, Mar Average, Thailand, THA
28.1, 1974, Apr Average, Thailand, THA
27.8, 1974, May Average, Thailand, THA
27.4, 1974, Jun Average, Thailand, THA
27.2, 1974, Jul Average, Thailand, THA
26.9, 1974, Aug Average, Thailand, THA
27.0, 1974, Sep Average, Thailand, THA
26.4, 1974, Oct Average, Thailand, THA
24.7, 1974, Nov Average, Thailand, THA
22.8, 1974, Dec Average, Thailand, THA
23.5, 1975, Jan Average, Thailand, THA
25.4, 1975, Feb Average, Thailand, THA
27.8, 1975, Mar Average, Thailand, THA
29.3, 1975, Apr Average, Thailand, THA
28.0, 1975, May Average, Thailand, THA
27.4, 1975, Jun Average, Thailand, THA
27.1, 1975, Jul Average, Thailand, THA
26.9, 1975, Aug Average, Thailand, THA
26.7, 1975, Sep Average, Thailand, THA
26.4, 1975, Oct Average, Thailand, THA
24.3, 1975, Nov Average, Thailand, THA
21.0, 1975, Dec Average, Thailand, THA
22.7, 1976, Jan Average, Thailand, THA
25.2, 1976, Feb Average, Thailand, THA
26.9, 1976, Mar Average, Thailand, THA
28.7, 1976, Apr Average, Thailand, THA
27.5, 1976, May Average, Thailand, THA
27.8, 1976, Jun Average, Thailand, THA
27.3, 1976, Jul Average, Thailand, THA
26.6, 1976, Aug Average, Thailand, THA
26.9, 1976, Sep Average, Thailand, THA
26.6, 1976, Oct Average, Thailand, THA
23.6, 1976, Nov Average, Thailand, THA
22.8, 1976, Dec Average, Thailand, THA
23.7, 1977, Jan Average, Thailand, THA
23.9, 1977, Feb Average, Thailand, THA
26.8, 1977, Mar Average, Thailand, THA
28.6, 1977, Apr Average, Thailand, THA
28.2, 1977, May Average, Thailand, THA
28.5, 1977, Jun Average, Thailand, THA
27.6, 1977, Jul Average, Thailand, THA
27.3, 1977, Aug Average, Thailand, THA
26.7, 1977, Sep Average, Thailand, THA
26.8, 1977, Oct Average, Thailand, THA
24.3, 1977, Nov Average, Thailand, THA
23.1, 1977, Dec Average, Thailand, THA
24.3, 1978, Jan Average, Thailand, THA
25.2, 1978, Feb Average, Thailand, THA
28.2, 1978, Mar Average, Thailand, THA
29.4, 1978, Apr Average, Thailand, THA
28.5, 1978, May Average, Thailand, THA
28.1, 1978, Jun Average, Thailand, THA
27.2, 1978, Jul Average, Thailand, THA
27.1, 1978, Aug Average, Thailand, THA
26.7, 1978, Sep Average, Thailand, THA
26.3, 1978, Oct Average, Thailand, THA
24.8, 1978, Nov Average, Thailand, THA
23.6, 1978, Dec Average, Thailand, THA
25.1, 1979, Jan Average, Thailand, THA
26.6, 1979, Feb Average, Thailand, THA
28.9, 1979, Mar Average, Thailand, THA
29.7, 1979, Apr Average, Thailand, THA
29.1, 1979, May Average, Thailand, THA
27.8, 1979, Jun Average, Thailand, THA
28.0, 1979, Jul Average, Thailand, THA
27.4, 1979, Aug Average, Thailand, THA
27.3, 1979, Sep Average, Thailand, THA
26.2, 1979, Oct Average, Thailand, THA
24.5, 1979, Nov Average, Thailand, THA
23.5, 1979, Dec Average, Thailand, THA
23.7, 1980, Jan Average, Thailand, THA
25.8, 1980, Feb Average, Thailand, THA
28.5, 1980, Mar Average, Thailand, THA
30.0, 1980, Apr Average, Thailand, THA
29.4, 1980, May Average, Thailand, THA
27.5, 1980, Jun Average, Thailand, THA
27.6, 1980, Jul Average, Thailand, THA
26.9, 1980, Aug Average, Thailand, THA
26.6, 1980, Sep Average, Thailand, THA
26.3, 1980, Oct Average, Thailand, THA
24.9, 1980, Nov Average, Thailand, THA
23.1, 1980, Dec Average, Thailand, THA
22.5, 1981, Jan Average, Thailand, THA
25.4, 1981, Feb Average, Thailand, THA
27.5, 1981, Mar Average, Thailand, THA
28.2, 1981, Apr Average, Thailand, THA
27.7, 1981, May Average, Thailand, THA
27.0, 1981, Jun Average, Thailand, THA
26.6, 1981, Jul Average, Thailand, THA
26.8, 1981, Aug Average, Thailand, THA
26.8, 1981, Sep Average, Thailand, THA
26.2, 1981, Oct Average, Thailand, THA
24.6, 1981, Nov Average, Thailand, THA
21.7, 1981, Dec Average, Thailand, THA
22.5, 1982, Jan Average, Thailand, THA
25.4, 1982, Feb Average, Thailand, THA
27.8, 1982, Mar Average, Thailand, THA
27.9, 1982, Apr Average, Thailand, THA
28.5, 1982, May Average, Thailand, THA
27.2, 1982, Jun Average, Thailand, THA
26.8, 1982, Jul Average, Thailand, THA
26.3, 1982, Aug Average, Thailand, THA
26.2, 1982, Sep Average, Thailand, THA
26.3, 1982, Oct Average, Thailand, THA
25.7, 1982, Nov Average, Thailand, THA
21.6, 1982, Dec Average, Thailand, THA
22.5, 1983, Jan Average, Thailand, THA
25.8, 1983, Feb Average, Thailand, THA
27.8, 1983, Mar Average, Thailand, THA
30.3, 1983, Apr Average, Thailand, THA
29.2, 1983, May Average, Thailand, THA
27.8, 1983, Jun Average, Thailand, THA
27.6, 1983, Jul Average, Thailand, THA
26.8, 1983, Aug Average, Thailand, THA
26.7, 1983, Sep Average, Thailand, THA
26.0, 1983, Oct Average, Thailand, THA
23.4, 1983, Nov Average, Thailand, THA
22.1, 1983, Dec Average, Thailand, THA
22.4, 1984, Jan Average, Thailand, THA
25.7, 1984, Feb Average, Thailand, THA
27.3, 1984, Mar Average, Thailand, THA
29.1, 1984, Apr Average, Thailand, THA
27.9, 1984, May Average, Thailand, THA
27.0, 1984, Jun Average, Thailand, THA
26.7, 1984, Jul Average, Thailand, THA
26.7, 1984, Aug Average, Thailand, THA
26.2, 1984, Sep Average, Thailand, THA
25.5, 1984, Oct Average, Thailand, THA
24.8, 1984, Nov Average, Thailand, THA
23.4, 1984, Dec Average, Thailand, THA
23.9, 1985, Jan Average, Thailand, THA
26.0, 1985, Feb Average, Thailand, THA
27.5, 1985, Mar Average, Thailand, THA
28.7, 1985, Apr Average, Thailand, THA
27.6, 1985, May Average, Thailand, THA
26.8, 1985, Jun Average, Thailand, THA
26.4, 1985, Jul Average, Thailand, THA
26.7, 1985, Aug Average, Thailand, THA
26.3, 1985, Sep Average, Thailand, THA
25.9, 1985, Oct Average, Thailand, THA
25.1, 1985, Nov Average, Thailand, THA
22.7, 1985, Dec Average, Thailand, THA
22.2, 1986, Jan Average, Thailand, THA
25.2, 1986, Feb Average, Thailand, THA
26.7, 1986, Mar Average, Thailand, THA
28.7, 1986, Apr Average, Thailand, THA
27.7, 1986, May Average, Thailand, THA
27.7, 1986, Jun Average, Thailand, THA
26.9, 1986, Jul Average, Thailand, THA
27.1, 1986, Aug Average, Thailand, THA
26.7, 1986, Sep Average, Thailand, THA
26.2, 1986, Oct Average, Thailand, THA
24.6, 1986, Nov Average, Thailand, THA
23.2, 1986, Dec Average, Thailand, THA
24.0, 1987, Jan Average, Thailand, THA
25.7, 1987, Feb Average, Thailand, THA
27.5, 1987, Mar Average, Thailand, THA
29.5, 1987, Apr Average, Thailand, THA
29.5, 1987, May Average, Thailand, THA
28.5, 1987, Jun Average, Thailand, THA
28.3, 1987, Jul Average, Thailand, THA
27.8, 1987, Aug Average, Thailand, THA
27.4, 1987, Sep Average, Thailand, THA
27.3, 1987, Oct Average, Thailand, THA
25.9, 1987, Nov Average, Thailand, THA
21.6, 1987, Dec Average, Thailand, THA
24.5, 1988, Jan Average, Thailand, THA
26.6, 1988, Feb Average, Thailand, THA
28.4, 1988, Mar Average, Thailand, THA
29.2, 1988, Apr Average, Thailand, THA
28.4, 1988, May Average, Thailand, THA
27.9, 1988, Jun Average, Thailand, THA
27.5, 1988, Jul Average, Thailand, THA
27.4, 1988, Aug Average, Thailand, THA
27.4, 1988, Sep Average, Thailand, THA
26.2, 1988, Oct Average, Thailand, THA
23.9, 1988, Nov Average, Thailand, THA
22.8, 1988, Dec Average, Thailand, THA
24.7, 1989, Jan Average, Thailand, THA
25.5, 1989, Feb Average, Thailand, THA
27.0, 1989, Mar Average, Thailand, THA
29.8, 1989, Apr Average, Thailand, THA
28.7, 1989, May Average, Thailand, THA
27.7, 1989, Jun Average, Thailand, THA
27.7, 1989, Jul Average, Thailand, THA
27.4, 1989, Aug Average, Thailand, THA
27.3, 1989, Sep Average, Thailand, THA
26.4, 1989, Oct Average, Thailand, THA
25.1, 1989, Nov Average, Thailand, THA
22.8, 1989, Dec Average, Thailand, THA
24.9, 1990, Jan Average, Thailand, THA
26.3, 1990, Feb Average, Thailand, THA
27.4, 1990, Mar Average, Thailand, THA
29.7, 1990, Apr Average, Thailand, THA
28.6, 1990, May Average, Thailand, THA
28.1, 1990, Jun Average, Thailand, THA
27.6, 1990, Jul Average, Thailand, THA
27.9, 1990, Aug Average, Thailand, THA
27.4, 1990, Sep Average, Thailand, THA
26.7, 1990, Oct Average, Thailand, THA
25.4, 1990, Nov Average, Thailand, THA
23.8, 1990, Dec Average, Thailand, THA
25.2, 1991, Jan Average, Thailand, THA
25.8, 1991, Feb Average, Thailand, THA
28.9, 1991, Mar Average, Thailand, THA
29.8, 1991, Apr Average, Thailand, THA
29.5, 1991, May Average, Thailand, THA
28.1, 1991, Jun Average, Thailand, THA
27.9, 1991, Jul Average, Thailand, THA
27.1, 1991, Aug Average, Thailand, THA
27.4, 1991, Sep Average, Thailand, THA
26.4, 1991, Oct Average, Thailand, THA
24.6, 1991, Nov Average, Thailand, THA
23.8, 1991, Dec Average, Thailand, THA
22.9, 1992, Jan Average, Thailand, THA
25.3, 1992, Feb Average, Thailand, THA
28.2, 1992, Mar Average, Thailand, THA
30.5, 1992, Apr Average, Thailand, THA
30.0, 1992, May Average, Thailand, THA
28.4, 1992, Jun Average, Thailand, THA
27.5, 1992, Jul Average, Thailand, THA
27.3, 1992, Aug Average, Thailand, THA
27.3, 1992, Sep Average, Thailand, THA
25.5, 1992, Oct Average, Thailand, THA
23.8, 1992, Nov Average, Thailand, THA
23.3, 1992, Dec Average, Thailand, THA
23.4, 1993, Jan Average, Thailand, THA
24.8, 1993, Feb Average, Thailand, THA
27.7, 1993, Mar Average, Thailand, THA
29.1, 1993, Apr Average, Thailand, THA
29.1, 1993, May Average, Thailand, THA
28.6, 1993, Jun Average, Thailand, THA
28.2, 1993, Jul Average, Thailand, THA
27.3, 1993, Aug Average, Thailand, THA
27.2, 1993, Sep Average, Thailand, THA
26.5, 1993, Oct Average, Thailand, THA
25.2, 1993, Nov Average, Thailand, THA
23.1, 1993, Dec Average, Thailand, THA
24.5, 1994, Jan Average, Thailand, THA
27.0, 1994, Feb Average, Thailand, THA
27.0, 1994, Mar Average, Thailand, THA
29.6, 1994, Apr Average, Thailand, THA
28.6, 1994, May Average, Thailand, THA
27.5, 1994, Jun Average, Thailand, THA
27.2, 1994, Jul Average, Thailand, THA
27.0, 1994, Aug Average, Thailand, THA
27.2, 1994, Sep Average, Thailand, THA
25.9, 1994, Oct Average, Thailand, THA
24.8, 1994, Nov Average, Thailand, THA
24.7, 1994, Dec Average, Thailand, THA
24.1, 1995, Jan Average, Thailand, THA
24.7, 1995, Feb Average, Thailand, THA
28.0, 1995, Mar Average, Thailand, THA
29.8, 1995, Apr Average, Thailand, THA
28.9, 1995, May Average, Thailand, THA
28.5, 1995, Jun Average, Thailand, THA
27.4, 1995, Jul Average, Thailand, THA
26.8, 1995, Aug Average, Thailand, THA
27.2, 1995, Sep Average, Thailand, THA
26.5, 1995, Oct Average, Thailand, THA
25.1, 1995, Nov Average, Thailand, THA
22.7, 1995, Dec Average, Thailand, THA
23.9, 1996, Jan Average, Thailand, THA
24.1, 1996, Feb Average, Thailand, THA
27.7, 1996, Mar Average, Thailand, THA
28.3, 1996, Apr Average, Thailand, THA
27.8, 1996, May Average, Thailand, THA
27.6, 1996, Jun Average, Thailand, THA
27.3, 1996, Jul Average, Thailand, THA
27.2, 1996, Aug Average, Thailand, THA
26.6, 1996, Sep Average, Thailand, THA
26.3, 1996, Oct Average, Thailand, THA
25.4, 1996, Nov Average, Thailand, THA
22.7, 1996, Dec Average, Thailand, THA
23.1, 1997, Jan Average, Thailand, THA
25.2, 1997, Feb Average, Thailand, THA
27.3, 1997, Mar Average, Thailand, THA
27.9, 1997, Apr Average, Thailand, THA
29.0, 1997, May Average, Thailand, THA
28.6, 1997, Jun Average, Thailand, THA
27.7, 1997, Jul Average, Thailand, THA
27.4, 1997, Aug Average, Thailand, THA
27.1, 1997, Sep Average, Thailand, THA
27.0, 1997, Oct Average, Thailand, THA
25.9, 1997, Nov Average, Thailand, THA
25.3, 1997, Dec Average, Thailand, THA
25.4, 1998, Jan Average, Thailand, THA
27.0, 1998, Feb Average, Thailand, THA
29.0, 1998, Mar Average, Thailand, THA
30.0, 1998, Apr Average, Thailand, THA
29.8, 1998, May Average, Thailand, THA
28.8, 1998, Jun Average, Thailand, THA
28.1, 1998, Jul Average, Thailand, THA
27.7, 1998, Aug Average, Thailand, THA
27.1, 1998, Sep Average, Thailand, THA
27.0, 1998, Oct Average, Thailand, THA
25.4, 1998, Nov Average, Thailand, THA
24.1, 1998, Dec Average, Thailand, THA
24.2, 1999, Jan Average, Thailand, THA
25.7, 1999, Feb Average, Thailand, THA
28.1, 1999, Mar Average, Thailand, THA
28.0, 1999, Apr Average, Thailand, THA
27.2, 1999, May Average, Thailand, THA
27.3, 1999, Jun Average, Thailand, THA
27.4, 1999, Jul Average, Thailand, THA
27.2, 1999, Aug Average, Thailand, THA
26.9, 1999, Sep Average, Thailand, THA
26.4, 1999, Oct Average, Thailand, THA
25.1, 1999, Nov Average, Thailand, THA
21.4, 1999, Dec Average, Thailand, THA
24.5, 2000, Jan Average, Thailand, THA
24.8, 2000, Feb Average, Thailand, THA
27.4, 2000, Mar Average, Thailand, THA
28.2, 2000, Apr Average, Thailand, THA
27.8, 2000, May Average, Thailand, THA
27.3, 2000, Jun Average, Thailand, THA
27.2, 2000, Jul Average, Thailand, THA
27.4, 2000, Aug Average, Thailand, THA
26.8, 2000, Sep Average, Thailand, THA
26.7, 2000, Oct Average, Thailand, THA
24.7, 2000, Nov Average, Thailand, THA
24.6, 2000, Dec Average, Thailand, THA
25.3, 2001, Jan Average, Thailand, THA
26.1, 2001, Feb Average, Thailand, THA
27.1, 2001, Mar Average, Thailand, THA
30.4, 2001, Apr Average, Thailand, THA
27.8, 2001, May Average, Thailand, THA
27.4, 2001, Jun Average, Thailand, THA
27.4, 2001, Jul Average, Thailand, THA
27.2, 2001, Aug Average, Thailand, THA
27.3, 2001, Sep Average, Thailand, THA
26.7, 2001, Oct Average, Thailand, THA
23.6, 2001, Nov Average, Thailand, THA
23.5, 2001, Dec Average, Thailand, THA
23.6, 2002, Jan Average, Thailand, THA
26.0, 2002, Feb Average, Thailand, THA
27.7, 2002, Mar Average, Thailand, THA
29.3, 2002, Apr Average, Thailand, THA
28.1, 2002, May Average, Thailand, THA
27.9, 2002, Jun Average, Thailand, THA
27.8, 2002, Jul Average, Thailand, THA
26.9, 2002, Aug Average, Thailand, THA
26.5, 2002, Sep Average, Thailand, THA
26.6, 2002, Oct Average, Thailand, THA
25.5, 2002, Nov Average, Thailand, THA
25.1, 2002, Dec Average, Thailand, THA
23.4, 2003, Jan Average, Thailand, THA
25.7, 2003, Feb Average, Thailand, THA
27.0, 2003, Mar Average, Thailand, THA
29.4, 2003, Apr Average, Thailand, THA
28.9, 2003, May Average, Thailand, THA
27.8, 2003, Jun Average, Thailand, THA
27.3, 2003, Jul Average, Thailand, THA
27.4, 2003, Aug Average, Thailand, THA
26.9, 2003, Sep Average, Thailand, THA
26.8, 2003, Oct Average, Thailand, THA
26.0, 2003, Nov Average, Thailand, THA
23.2, 2003, Dec Average, Thailand, THA
24.0, 2004, Jan Average, Thailand, THA
24.7, 2004, Feb Average, Thailand, THA
28.2, 2004, Mar Average, Thailand, THA
29.7, 2004, Apr Average, Thailand, THA
28.3, 2004, May Average, Thailand, THA
27.4, 2004, Jun Average, Thailand, THA
27.1, 2004, Jul Average, Thailand, THA
27.2, 2004, Aug Average, Thailand, THA
26.8, 2004, Sep Average, Thailand, THA
26.4, 2004, Oct Average, Thailand, THA
25.9, 2004, Nov Average, Thailand, THA
23.0, 2004, Dec Average, Thailand, THA
23.8, 2005, Jan Average, Thailand, THA
27.0, 2005, Feb Average, Thailand, THA
27.4, 2005, Mar Average, Thailand, THA
29.3, 2005, Apr Average, Thailand, THA
29.0, 2005, May Average, Thailand, THA
28.0, 2005, Jun Average, Thailand, THA
27.4, 2005, Jul Average, Thailand, THA
27.2, 2005, Aug Average, Thailand, THA
26.9, 2005, Sep Average, Thailand, THA
26.7, 2005, Oct Average, Thailand, THA
25.5, 2005, Nov Average, Thailand, THA
23.3, 2005, Dec Average, Thailand, THA
23.9, 2006, Jan Average, Thailand, THA
26.2, 2006, Feb Average, Thailand, THA
28.0, 2006, Mar Average, Thailand, THA
28.7, 2006, Apr Average, Thailand, THA
27.6, 2006, May Average, Thailand, THA
27.8, 2006, Jun Average, Thailand, THA
27.3, 2006, Jul Average, Thailand, THA
27.0, 2006, Aug Average, Thailand, THA
26.9, 2006, Sep Average, Thailand, THA
26.8, 2006, Oct Average, Thailand, THA
26.3, 2006, Nov Average, Thailand, THA
23.8, 2006, Dec Average, Thailand, THA
23.8, 2007, Jan Average, Thailand, THA
25.6, 2007, Feb Average, Thailand, THA
28.2, 2007, Mar Average, Thailand, THA
29.0, 2007, Apr Average, Thailand, THA
27.5, 2007, May Average, Thailand, THA
28.2, 2007, Jun Average, Thailand, THA
27.4, 2007, Jul Average, Thailand, THA
27.2, 2007, Aug Average, Thailand, THA
27.0, 2007, Sep Average, Thailand, THA
26.2, 2007, Oct Average, Thailand, THA
24.1, 2007, Nov Average, Thailand, THA
24.6, 2007, Dec Average, Thailand, THA
24.1, 2008, Jan Average, Thailand, THA
24.5, 2008, Feb Average, Thailand, THA
27.3, 2008, Mar Average, Thailand, THA
28.7, 2008, Apr Average, Thailand, THA
27.4, 2008, May Average, Thailand, THA
27.4, 2008, Jun Average, Thailand, THA
27.2, 2008, Jul Average, Thailand, THA
27.1, 2008, Aug Average, Thailand, THA
26.8, 2008, Sep Average, Thailand, THA
26.9, 2008, Oct Average, Thailand, THA
24.6, 2008, Nov Average, Thailand, THA
22.8, 2008, Dec Average, Thailand, THA
22.2, 2009, Jan Average, Thailand, THA
26.4, 2009, Feb Average, Thailand, THA
27.4, 2009, Mar Average, Thailand, THA
28.7, 2009, Apr Average, Thailand, THA
27.9, 2009, May Average, Thailand, THA
27.7, 2009, Jun Average, Thailand, THA
27.3, 2009, Jul Average, Thailand, THA
27.7, 2009, Aug Average, Thailand, THA
27.2, 2009, Sep Average, Thailand, THA
27.0, 2009, Oct Average, Thailand, THA
25.6, 2009, Nov Average, Thailand, THA
24.4, 2009, Dec Average, Thailand, THA
24.8, 2010, Jan Average, Thailand, THA
26.9, 2010, Feb Average, Thailand, THA
28.3, 2010, Mar Average, Thailand, THA
30.3, 2010, Apr Average, Thailand, THA
30.1, 2010, May Average, Thailand, THA
28.8, 2010, Jun Average, Thailand, THA
27.8, 2010, Jul Average, Thailand, THA
26.9, 2010, Aug Average, Thailand, THA
27.2, 2010, Sep Average, Thailand, THA
26.2, 2010, Oct Average, Thailand, THA
25.3, 2010, Nov Average, Thailand, THA
24.4, 2010, Dec Average, Thailand, THA
23.2, 2011, Jan Average, Thailand, THA
25.6, 2011, Feb Average, Thailand, THA
25.8, 2011, Mar Average, Thailand, THA
27.9, 2011, Apr Average, Thailand, THA
27.9, 2011, May Average, Thailand, THA
27.6, 2011, Jun Average, Thailand, THA
27.2, 2011, Jul Average, Thailand, THA
26.9, 2011, Aug Average, Thailand, THA
26.7, 2011, Sep Average, Thailand, THA
26.4, 2011, Oct Average, Thailand, THA
25.8, 2011, Nov Average, Thailand, THA
23.3, 2011, Dec Average, Thailand, THA
24.6, 2012, Jan Average, Thailand, THA
26.3, 2012, Feb Average, Thailand, THA
27.9, 2012, Mar Average, Thailand, THA
29.1, 2012, Apr Average, Thailand, THA
28.5, 2012, May Average, Thailand, THA
27.9, 2012, Jun Average, Thailand, THA
27.3, 2012, Jul Average, Thailand, THA
27.3, 2012, Aug Average, Thailand, THA
26.9, 2012, Sep Average, Thailand, THA
27.1, 2012, Oct Average, Thailand, THA
26.7, 2012, Nov Average, Thailand, THA
25.5, 2012, Dec Average, Thailand, THA
24.3, 2013, Jan Average, Thailand, THA
26.9, 2013, Feb Average, Thailand, THA
28.2, 2013, Mar Average, Thailand, THA
29.6, 2013, Apr Average, Thailand, THA
29.1, 2013, May Average, Thailand, THA
27.8, 2013, Jun Average, Thailand, THA
27.1, 2013, Jul Average, Thailand, THA
27.4, 2013, Aug Average, Thailand, THA
26.7, 2013, Sep Average, Thailand, THA
26.3, 2013, Oct Average, Thailand, THA
25.9, 2013, Nov Average, Thailand, THA
21.7, 2013, Dec Average, Thailand, THA
22.1, 2014, Jan Average, Thailand, THA
25.4, 2014, Feb Average, Thailand, THA
28.1, 2014, Mar Average, Thailand, THA
29.4, 2014, Apr Average, Thailand, THA
29.3, 2014, May Average, Thailand, THA
28.3, 2014, Jun Average, Thailand, THA
27.7, 2014, Jul Average, Thailand, THA
27.3, 2014, Aug Average, Thailand, THA
27.2, 2014, Sep Average, Thailand, THA
26.9, 2014, Oct Average, Thailand, THA
26.4, 2014, Nov Average, Thailand, THA
24.1, 2014, Dec Average, Thailand, THA
23.2, 2015, Jan Average, Thailand, THA
25.4, 2015, Feb Average, Thailand, THA
28.2, 2015, Mar Average, Thailand, THA
29.1, 2015, Apr Average, Thailand, THA
29.8, 2015, May Average, Thailand, THA
28.9, 2015, Jun Average, Thailand, THA
28.0, 2015, Jul Average, Thailand, THA
27.7, 2015, Aug Average, Thailand, THA
27.4, 2015, Sep Average, Thailand, THA
26.9, 2015, Oct Average, Thailand, THA
26.9, 2015, Nov Average, Thailand, THA
25.3, 2015, Dec Average, Thailand, THA
24.3, 2016, Jan Average, Thailand, THA
25.0, 2016, Feb Average, Thailand, THA
28.7, 2016, Mar Average, Thailand, THA
31.2, 2016, Apr Average, Thailand, THA
30.0, 2016, May Average, Thailand, THA
28.2, 2016, Jun Average, Thailand, THA
27.9, 2016, Jul Average, Thailand, THA
27.5, 2016, Aug Average, Thailand, THA
27.1, 2016, Sep Average, Thailand, THA
27.1, 2016, Oct Average, Thailand, THA
26.6, 2016, Nov Average, Thailand, THA
24.6, 2016, Dec Average, Thailand, THA
24.9, 2017, Jan Average, Thailand, THA
25.5, 2017, Feb Average, Thailand, THA
27.9, 2017, Mar Average, Thailand, THA
28.7, 2017, Apr Average, Thailand, THA
28.3, 2017, May Average, Thailand, THA
27.9, 2017, Jun Average, Thailand, THA
27.3, 2017, Jul Average, Thailand, THA
27.6, 2017, Aug Average, Thailand, THA
27.7, 2017, Sep Average, Thailand, THA
26.9, 2017, Oct Average, Thailand, THA
25.8, 2017, Nov Average, Thailand, THA
23.8, 2017, Dec Average, Thailand, THA
24.4, 2018, Jan Average, Thailand, THA
25.0, 2018, Feb Average, Thailand, THA
27.6, 2018, Mar Average, Thailand, THA
28.3, 2018, Apr Average, Thailand, THA
28.2, 2018, May Average, Thailand, THA
27.7, 2018, Jun Average, Thailand, THA
27.4, 2018, Jul Average, Thailand, THA
27.0, 2018, Aug Average, Thailand, THA
27.3, 2018, Sep Average, Thailand, THA
27.3, 2018, Oct Average, Thailand, THA
26.4, 2018, Nov Average, Thailand, THA
25.6, 2018, Dec Average, Thailand, THA
25.0, 2019, Jan Average, Thailand, THA
27.1, 2019, Feb Average, Thailand, THA
28.6, 2019, Mar Average, Thailand, THA
30.4, 2019, Apr Average, Thailand, THA
29.7, 2019, May Average, Thailand, THA
28.6, 2019, Jun Average, Thailand, THA
28.2, 2019, Jul Average, Thailand, THA
27.4, 2019, Aug Average, Thailand, THA
27.1, 2019, Sep Average, Thailand, THA
27.5, 2019, Oct Average, Thailand, THA
26.0, 2019, Nov Average, Thailand, THA
23.9, 2019, Dec Average, Thailand, THA
25.7, 2020, Jan Average, Thailand, THA
26.3, 2020, Feb Average, Thailand, THA
28.8, 2020, Mar Average, Thailand, THA
29.6, 2020, Apr Average, Thailand, THA
30.0, 2020, May Average, Thailand, THA
28.4, 2020, Jun Average, Thailand, THA
28.3, 2020, Jul Average, Thailand, THA
27.6, 2020, Aug Average, Thailand, THA
27.7, 2020, Sep Average, Thailand, THA
25.8, 2020, Oct Average, Thailand, THA
26.0, 2020, Nov Average, Thailand, THA
24.1, 2020, Dec Average, Thailand, THA
